name,cuisinetype,rankingPosition,priceLevel,category,rating,address,numberOfReviews,latitude,longitude,postcode
1806,Bar,110,$$ - $$$,restaurant,4.5,"169 Exhibition St, Melbourne, Victoria 3000 Australia",259,-37.8116478,144.9701118,3000
+39 Pizzeria,Italian,48,$$ - $$$,restaurant,4.5,"362 Little Bourke St, Melbourne, Victoria 3000 Australia",1232,-37.8132826,144.9617644,3000
11 Inch Pizza,Italian,4,$,restaurant,4.5,"Shop 7A 353 Little Collins St, Melbourne, Victoria 3000 Australia",324,-37.8156004,144.9629205,3000
1932 Cafe & Restaurant,Australian,50,$$ - $$$,restaurant,4.5,"220 Collins St Manchester Unity Building, Melbourne, Victoria 3000 Australia",443,-37.8153266,144.9661686,3000
3 Brothersss Indian Restaurant,Indian,228,$$ - $$$,restaurant,5,"513 Elizabeth St Queen Victoria Market, Melbourne, Victoria 3000 Australia",41,-37.8075798,144.956785,3000
400 Gradi,Italian,1,$$ - $$$,restaurant,4,"99 Lygon St, Brunswick West, Moreland, Victoria 3057 Australia",773,-37.7759622,144.9705236,3057
A Hereford Beefstouw,Australian,139,$$ - $$$,restaurant,4.5,"22 Duckboard Pl, Melbourne, Victoria 3000 Australia",199,-37.8157961,144.9713157,3000
A25 Pizzeria CBD,Italian,363,$$ - $$$,restaurant,4.5,"Taylors College 399 Lonsdale St, Melbourne, Victoria 3000 Australia",77,-37.8129395,144.9606336,3000
Aagaman Indian Nepalese Restaurant,Indian,262,$$ - $$$,restaurant,4.5,"271 Bay St, Melbourne, Victoria 3207 Australia",132,-37.8373679,144.9428952,3207
Abbey Road Cafe,Australian,10,$$ - $$$,restaurant,4,"129-131 Acland St, St Kilda, Port Phillip, Victoria 3182 Australia",805,-37.8686333,144.9793638,3182
Abla's,Lebanese,316,$$ - $$$,restaurant,4,"109 Elgin St, Melbourne, Victoria 3053 Australia",204,-37.797763,144.971058,3053
Afternoon Tea at The Hotel Windsor,Australian,41,$$$$,restaurant,4.5,"111 Spring Street The Hotel Windsor, Melbourne, Victoria 3000 Australia",1508,-37.812125,144.9729651,3000
Aix Cafe,Cafe,358,$,restaurant,4.5,"24 Centre Pl, Melbourne, Victoria 3000 Australia",85,-37.8167121,144.9656432,3000
Amaru Melbourne Restaurant,Australian,1,$$$$,restaurant,4.5,"Shop 5 1121 High St, Armadale, Stonnington, Victoria 3143 Australia",118,-37.8558896,145.0246644,3143
American Doughnut Kitchen,American,374,$,restaurant,4.5,"Queen St, Melbourne, Victoria 3000 Australia",100,-37.8126386,144.9597071,3000
Amiconi,Italian,71,$$ - $$$,restaurant,4.5,"359 Victoria St Locality is West Melbourne, Melbourne, Victoria 3003 Australia",181,-37.8053936,144.9495793,3003
Anada,Spanish,17,$$ - $$$,restaurant,4.5,"197 Gertrude St, Fitzroy, Yarra, Victoria 3065 Australia",219,-37.805959,144.9811802,3065
Anchovy,Asian,11,$$ - $$$,restaurant,4.5,"338 Bridge Rd, Richmond, Yarra, Victoria 3121 Australia",93,-37.819114,145.0026469,3121
Andrew's Hamburgers,American,249,$,restaurant,4.5,"144 Bridport St, Melbourne, Victoria 3206 Australia",169,-37.8406353,144.9552576,3206
Angus & Bon,Australian,1,$$ - $$$,restaurant,4.5,"168 Greville Street, Prahran, Stonnington, Victoria 3181 Australia",168,-37.8496092,144.9922938,3181
Arbory Bar & Eatery,Australian,194,$$ - $$$,restaurant,4,"Flinders Walk, Melbourne, Victoria 3000 Australia",827,-37.8188668,144.9676883,3000
Archie's All Day,Cafe,18,$$ - $$$,restaurant,4.5,"189 Gertrude St, Fitzroy, Yarra, Victoria 3065 Australia",162,-37.8059444,144.980922,3065
Asado,Argentinian,301,$$$$,restaurant,4,"6 Riverside Quay, Melbourne, Victoria 3006 Australia",211,-37.8208482,144.963894,3006
At Ease - Easy Thai,Thai,437,$,restaurant,4.5,"195 Lonsdale St, Melbourne, Victoria 3000 Australia",75,-37.81124,144.966611,3000
Atrium Bar On 35,Australian,421,$$$$,restaurant,4.5,"25 Collins St, Melbourne, Victoria 3000 Australia",83,-37.8139461,144.9734456,3000
Atta Restaurant,Indian,2,$$ - $$$,restaurant,4.5,"159-161 Victoria Ave Melbourne, Albert Park, Port Phillip, Victoria 3206 Australia",102,-37.8466651,144.9493763,3206
Attica,Australian,1,$$$$,restaurant,4.5,"74 Glen Eira Rd, Ripponlea, Port Phillip, Victoria 3185 Australia",626,-37.8770079,144.9972755,3185
Auction Rooms,Cafe,57,$$ - $$$,restaurant,4.5,"103-107 Errol St, Melbourne, Victoria 3051 Australia",432,-37.8024898,144.9494399,3051
Avatar Indian Cuisine,Indian,1,$$ - $$$,restaurant,4.5,"291 Whitehorse Rd Opposite Balwyn Park, Balwyn, Boroondara, Victoria 3103 Australia",88,-37.8123976,145.0788504,3103
Axil Coffee Roasters,Australian,150,$$ - $$$,restaurant,4.5,"322 Burwood Rd Hawthorn Not Camberwell, Melbourne, Victoria 3122 Australia",200,-37.8226854,145.0343087,3122
Bacash Restaurant,Australian,219,$$$$,restaurant,4.5,"175 Domain Rd, Melbourne, Victoria 3141 Australia",208,-37.8342416,144.9819669,3141
Bahari the Hellenic Palate,Greek,9,$$ - $$$,restaurant,4.5,"179 Swan St, Richmond, Yarra, Victoria 3121 Australia",147,-37.8255231,144.9975909,3121
Bamboo House Chinese Restaurant,Chinese,90,$$ - $$$,restaurant,4.5,"47 Little Bourke St, Melbourne, Victoria 3000 Australia",405,-37.8109675,144.9711221,3000
Banff,Cafe,8,$,restaurant,4.5,"145 Fitzroy St, St Kilda, Port Phillip, Victoria 3182 Australia",384,-37.8595121,144.9786951,3182
Bangkok Jam,Thai,205,$$ - $$$,restaurant,4.5,"107 Little Bourke St, Melbourne, Victoria 3000 Australia",100,-37.8114817,144.9692505,3000
BangPop,Asian Fusion,119,$$ - $$$,restaurant,4,"35 South Wharf Promenade Off Dukes Walk, South Wharf, Melbourne, Victoria 3006 Australia",559,-37.8241955,144.9513512,3006
Bar Lourinha,European,172,$$ - $$$,restaurant,4.5,"37 Little Collins St, Melbourne, Victoria 3000 Australia",284,-37.8128109,144.9725205,3000
B'Churrasco Brazilian BBQ,Brazilian,43,$$ - $$$,restaurant,4.5,"61 A'Beckett St, Melbourne, Victoria 3000 Australia",557,-37.8091066,144.9617066,3000
BearBrass,Australian,252,$$ - $$$,restaurant,4,"Shop GR3A 3 Southgate Ave Southbank VIC, Melbourne, Victoria 3006 Australia",625,-37.820556,144.965833,3006
Becco,Italian,124,$$$$,restaurant,4.5,"11-25 Crossley St, Melbourne, Victoria 3000 Australia",378,-37.8114087,144.9708873,3000
Beer DeLuxe,Bar,277,$$ - $$$,restaurant,4,"Federation Square Corner Swanston and Flinders Streets, Melbourne, Victoria 3000 Australia",304,-37.8179789,144.9690576,3000
Belgian Beer Cafe,Belgian,300,$$ - $$$,restaurant,4,"5 Riverside Qy Southbank, Melbourne, Victoria 3006 Australia",256,-37.8216356,144.964539,3006
Bella Cosi,Italian,446,$$ - $$$,restaurant,4.5,"71 Beach St, Melbourne, Victoria 3207 Australia",71,-37.8417615,144.9361703,3207
Berth,Australian,109,$$ - $$$,restaurant,4,"45 New Quay Promenade Docklands, Melbourne, Victoria 3008 Australia",568,-37.815191,144.9418785,3008
Betty's Burgers & Concrete Co,American,44,$,restaurant,4.5,"97 Elizabeth St, Melbourne, Victoria 3000 Australia",1215,-37.8159032,144.9635352,3000
Betty's Burgers,American,185,$$ - $$$,restaurant,4.5,"222 Exhibition St, Melbourne, Victoria 3000 Australia",86,-37.8106632,144.9702948,3000
Bibelot,Cafe,293,$$ - $$$,restaurant,4.5,"285-287 Coventry St, Melbourne, Victoria 3205 Australia",80,-37.8326873,144.9582451,3205
Bistro Gitan,French,2,$$ - $$$,restaurant,4.5,"52 Toorak Rd West, South Yarra, Victoria 3141 Australia",268,-37.8372567,144.9791898,3141
Bistro Guillaume,French,160,$$$$,restaurant,4,"Crown Entertainment Complex 8 Whiteman St Riverside at Crown, Southbank, Melbourne, Victoria 3006 Australia",1115,-37.8238395,144.9599367,3006
Bistro La Provence,French,6,$$ - $$$,restaurant,4.5,"234 Esplanade, Brighton, Bayside, Victoria 3186 Australia",146,-37.9095792,144.9865978,3186
Bistro Thierry,French,1,$$$$,restaurant,4.5,"511 Malvern Rd, Toorak, Stonnington, Victoria 3142 Australia",540,-37.8479584,145.0035058,3142
Bistrot d'Orsay,French,29,$$ - $$$,restaurant,4.5,"184 Collins St, Melbourne, Victoria 3000 Australia",497,-37.815038,144.967359,3000
Black Pearl Bar,Bar,338,$$ - $$$,restaurant,4.5,"304 Brunswick Street, Melbourne, Victoria Fitzroy Australia",68,-37.7980483,144.9786674,3065
Blondie Bar,Asian,155,$$ - $$$,restaurant,4,"Corner Sturt Street & Southbank Boulevard, Southbank Melbourne Recital Centre, Melbourne, Victoria 3006 Australia",258,-37.8238758,144.9676033,3006
Blue Chillies,Malaysian,16,$$ - $$$,restaurant,4.5,"182 Brunswick St, Fitzroy, Yarra, Victoria 3065 Australia",145,-37.802065,144.978038,3065
Bluetrain,Australian,268,$$ - $$$,restaurant,3.5,"Southgate Complex, Upper Level, Melbourne, Victoria 3006 Australia",667,-37.8203389,144.9660726,3006
Bomba,Spanish,65,$$ - $$$,restaurant,4.5,"103 Lonsdale St, Melbourne, Victoria 3000 Australia",457,-37.8104963,144.9692505,3000
Boosa,Middle Eastern,2,$$ - $$$,restaurant,4.5,"716 Centre Rd, Bentleigh, Glen Eira, Victoria 3165 Australia",97,-37.9212107,145.0579728,3165
"Borsch, Vodka & Tears",Russian,5,$$ - $$$,restaurant,4,"173 Chapel St, Windsor, Stonnington, Victoria 3181 Australia",236,-37.8521396,144.9931653,3181
Bottega,Italian,96,$$$$,restaurant,4,"74 Bourke St, Melbourne, Victoria 3000 Australia",405,-37.8117326,144.9710426,3000
Bouzy Rouge,Spanish,2,$$ - $$$,restaurant,4.5,"470 Bridge Rd, Richmond, Yarra, Victoria 3121 Australia",358,-37.8195514,145.0071773,3121
Bowery to Williamsburg,American,55,$$ - $$$,restaurant,4.5,"16 Oliver Lane, Melbourne, Victoria 3000 Australia",322,-37.8162209,144.970288,3000
Box Seafood Restaurant,Seafood,168,$$$$,restaurant,4,"189 Collins St, Melbourne, Victoria 3000 Australia",416,-37.8154437,144.9678587,3000
Brick Lane Melbourne,Cafe,14,$$ - $$$,restaurant,4.5,"33 Guildford Lane, Melbourne, Victoria 3000 Australia",208,-37.8114463,144.9598499,3000
Brighton Soul,Cafe,5,$,restaurant,4.5,"129 Church Street, Brighton, Bayside, Victoria 3186 Australia",131,-37.915485,144.996401,3186
Brother Baba Budan,Cafe,30,$,restaurant,4.5,"359 Little Bourke St Cbd, Melbourne, Victoria 3000 Australia",440,-37.8135623,144.9621017,3000
Brunetti Classico - Carlton,Italian,79,$$ - $$$,restaurant,4.5,"380 Lygon St 380 Lygon St, Carlton Vic, Melbourne, Victoria 3053 Australia",3247,-37.7981479,144.9677661,3053
Brunetti Oro Flinders Lane,Italian,176,$$ - $$$,restaurant,4,"250 Flinders Ln, Melbourne, Victoria 3000 Australia",332,-37.8164259,144.9657009,3000
Byblos Bar & Restaurant,Middle Eastern,191,$$ - $$$,restaurant,4,"12 World Trade Centre, Melbourne, Victoria 3005 Australia",314,-37.8136276,144.9630576,3005
Ca de Vin,Italian,136,$$ - $$$,restaurant,4,"350 Bourke St Melbourne GPO, Melbourne, Victoria 3000 Australia",523,-37.8135391,144.9632758,3000
Cafe Andiamo,Italian,226,$$ - $$$,restaurant,4,"36-38 Degraves Lane, Melbourne, Victoria 3000 Australia",553,-37.8169409,144.9658414,3000
Cafe Cavallino,Cafe,410,$$ - $$$,restaurant,4,"181-183 Lygon Street, Melbourne, Victoria Australia",260,-37.8014047,144.9666468,3053
Cafe Excello,Cafe,193,$$ - $$$,restaurant,4,"99 Spring St, Melbourne, Victoria 3000 Australia",220,-37.812531,144.973326,3000
Cafe Issus,Cafe,339,$$ - $$$,restaurant,4,"8-10 Centre Pl, Melbourne, Victoria 3000 Australia",264,-37.8167121,144.9656432,3000
Cafe Keyif,Cafe,343,$$ - $$$,restaurant,4.5,"U 1 550 Flinders St Entry Through Downie Street, Melbourne, Victoria 3000 Australia",138,-37.8203662,144.9559713,3000
Cafe Rosco,Irish,130,$$ - $$$,restaurant,4.5,"407D St Kilda Rd, Melbourne, Victoria 3004 Australia",232,-37.8361923,144.9761994,3004
Cafe Segovia,Cafe,308,$$ - $$$,restaurant,4,"33 Block Place, Melbourne, Victoria 3000 Australia",297,-37.8153106,144.9642704,3000
Caffe e Cucina,Italian,147,$$ - $$$,restaurant,4,"581 Chapel St South Yarra, Melbourne, Victoria 3141 Australia",490,-37.8401779,144.9952728,3141
Caffe e Torta,Italian,232,$$ - $$$,restaurant,4,"314 Little Collins St, Melbourne, Victoria 3000 Australia",289,-37.8149147,144.964256,3000
Cargo Restaurant,Australian,86,$$ - $$$,restaurant,4.5,"Docklands Melbourne, Melbourne, Victoria 3008 Australia",696,-37.8170652,144.9419122,3008
Carlton Curry House,Indian,400,$$ - $$$,restaurant,4.5,"108 Lygon St, Melbourne, Victoria 3053 Australia",204,-37.8045201,144.9665773,3053
Carlton Wine Room,European,142,$$ - $$$,restaurant,4.5,"172-174 Faraday Street Carlton, Melbourne, Victoria Australia",205,-37.7986042,144.9685933,3053
Carosello,Italian,2,$$ - $$$,restaurant,4.5,"22 Margaret St, Moonee Ponds, Moonee Valley, Victoria 3039 Australia",88,-37.7658611,144.9198186,3039
Caterina's Cucina E Bar,Italian,85,$$ - $$$,restaurant,5,"221 Queen St, Melbourne, Victoria 3000 Australia",111,-37.8135337,144.9597639,3000
Cecconi's Flinders Lane,Italian,80,$$$$,restaurant,4.5,"61 Flinders Lane, Melbourne, Victoria 3000 Australia",539,-37.814926,144.972489,3000
Centonove,Italian,1,$$$$,restaurant,4.5,"109 Cotham Rd, Kew, Boroondara, Victoria 3101 Australia",252,-37.8075681,145.0387546,3101
Cherry & Twigs,Cafe,233,$,restaurant,4.5,"Shop 1B 555 Flinders Lane, Melbourne, Victoria 3000 Australia",135,-37.819944,144.955791,3000
Chez Dre Cafe,Cafe,229,$$ - $$$,restaurant,4,"Rear of 285/287 Coventry St Access Via Alleyway, Melbourne, Victoria 3205 Australia",386,-37.8326392,144.9582379,3205
Chez Olivier,French,1,$$ - $$$,restaurant,4.5,"268 Toorak Rd, South Yarra, Victoria 3141 Australia",356,-37.8397261,144.9962375,3141
Chiba Japanese Restaurant,Japanese,4,$$ - $$$,restaurant,4.5,"41 Hall St, Moonee Ponds, Moonee Valley, Victoria 3039 Australia",185,-37.7662302,144.9217422,3039
Chin Chin,Thai,162,$$ - $$$,restaurant,4.5,"125 Flinders Lane, Melbourne, Victoria 3000 Australia",6029,-37.8156575,144.9703881,3000
China Red,Chinese,181,$$ - $$$,restaurant,4,"Shop 6 206 Bourke St, Melbourne, Victoria 3000 Australia",353,-37.8123889,144.9667083,3000
Chinta Ria Soul,Malaysian,18,$$ - $$$,restaurant,4,"94 Acland St, St Kilda, Port Phillip, Victoria 3182 Australia",247,-37.8677208,144.9792653,3182
Chocolate Buddha,Korean,32,$$ - $$$,restaurant,4.5,"Cnr. Flinders & Swanston Street Federation Square, Melbourne, Victoria 3000 Australia",717,-37.8175103,144.9675235,3000
Chokolait Hub,Cafe,106,$$ - $$$,restaurant,4.5,"287 Lonsdale St Shop 342, Level 3, Emporium, Melbourne, Victoria 3000 Australia",410,-37.8123362,144.9637384,3000
Chuckle Park Bar,Bar,188,$$ - $$$,restaurant,4.5,"322 Little Collins St, Melbourne, Victoria 3000 Australia",157,-37.8149489,144.9640984,3000
Ciao Cielo,Italian,159,$$ - $$$,restaurant,4.5,"115 Bay St, Melbourne, Victoria 3207 Australia",268,-37.8402774,144.9403195,3207
Cicciolina,Italian,62,$$ - $$$,restaurant,4.5,"130 Acland St, Melbourne, Victoria 3182 Australia",375,-37.8685613,144.9800196,3182
City Wine Shop,European,212,$$ - $$$,restaurant,4.5,"159 Spring St, Melbourne, Victoria 3000 Australia",255,-37.8109568,144.9724344,3000
Claypots Barbarossa,Seafood,237,$$ - $$$,restaurant,4.5,"79 Hardware Lane Melbourne CBD, Melbourne, Victoria 3000 Australia",190,-37.813028,144.9608737,3000
Claypots Evening Star,Seafood,372,$$ - $$$,restaurant,4.5,"Corner Cecil and York Streets South Melbourne Market, Melbourne, Victoria 3205 Australia",137,-37.8320111,144.9559391,3205
Claypots Seafood Bar,Australian,4,$$ - $$$,restaurant,4.5,"213 Barkly St, St Kilda, Port Phillip, Victoria 3182 Australia",525,-37.8699209,144.9804934,3182
Cochin Wine Bar & Restaurant,Vietnamese,10,$$ - $$$,restaurant,4.5,"256 Swan St, Richmond, Yarra, Victoria 3121 Australia",118,-37.825931,144.998803,3121
Coda,Asian Fusion,49,$$$$,restaurant,4.5,"141 Flinders Lane, Melbourne, Victoria 3000 Australia",1150,-37.8157661,144.9698897,3000
Code Black,Cafe,3,$$ - $$$,restaurant,4.5,"15-17 Weston St, Brunswick, Moreland, Victoria 3056 Australia",187,-37.774643,144.962468,3056
Collins Kitchen,Australian,357,$$$$,restaurant,4,"123 Collins St, Melbourne, Victoria 3000 Australia",273,-37.8152145,144.9700836,3000
Conservatory,Asian,108,$$$$,restaurant,4,"Crown Entertainment Complex 8 Whiteman St 8 Whiteman St, Southbank, Melbourne, Victoria 3006 Australia",1129,-37.8235301,144.9580953,3006
Cookie,Asian,95,$$ - $$$,restaurant,4,"U 1 252 Swanston St Level 1, 252 Swanston St, Melbourne, Victoria 3000 Australia",1050,-37.8121517,144.9651729,3000
Corner & Bench,Cafe,346,$,restaurant,4.5,"408 Bourke St, Melbourne, Victoria 3000 Australia",86,-37.814514,144.961545,3000
Cornish Arms Hotel,Bar,4,$$ - $$$,restaurant,4,"163A Sydney Rd, Brunswick, Moreland, Victoria 3056 Australia",184,-37.773417,144.96087,3056
Crossways Restaurant,Indian,297,$,restaurant,4.5,"309-325 Bourke St, Melbourne, Victoria 3000 Australia",104,-37.8143958,144.9644574,3000
Cucinetta,Italian,10,$$ - $$$,restaurant,4.5,"U 4 3 Murphy St South Yarra, Melbourne, Victoria 3141 Australia",401,-37.8382928,144.9901259,3141
Cumulus Inc.,European,59,$$ - $$$,restaurant,4.5,"45 Flinders La, Melbourne, Victoria 3000 Australia",2123,-37.8149132,144.9731229,3000
Curry Vault Indian Restaurant and Bar,Indian,334,$$ - $$$,restaurant,4,"18-20 Bank Pl, Melbourne, Victoria 3000 Australia",300,-37.8164269,144.9604517,3000
D.O.C,Italian,356,$$ - $$$,restaurant,4,"326 Lygon St Carlton, Melbourne, Victoria 3053 Australia",262,-37.7992964,144.9674499,3053
Da Guido 365,Italian,7,$$ - $$$,restaurant,4.5,"365 Little Collins St, Melbourne, Victoria 3000 Australia",524,-37.8155625,144.9627123,3000
Da Guido La Pasta,Italian,2,$$ - $$$,restaurant,4.5,"130 Lygon St Carlton, Melbourne, Victoria 3053 Australia",1095,-37.8040315,144.9666273,3053
Da Noi,Italian,270,$$$$,restaurant,4,"95 Toorak Rd South Yarra, Melbourne, Victoria 3141 Australia",274,-37.8385804,144.9896578,3141
Daughter in Law,Indian,404,$$ - $$$,restaurant,4,"37 Little Bourke St Ground Floor, Melbourne, Victoria 3000 Australia",113,-37.8107359,144.9714889,3000
David's Master Pot (Elizabeth St - CBD),Chinese,21,$$ - $$$,restaurant,5,"462 Elizabeth St, Melbourne, Victoria 3000 Australia",140,-37.807859,144.960611,3000
Delhi Streets Indian Street Food,Indian,37,$,restaurant,4.5,"22 Katherine Pl, Melbourne, Victoria 3000 Australia",262,-37.819844,144.9564659,3000
Dip In Cafe,Cafe,314,$$ - $$$,restaurant,4.5,"20-22 McKillop St, Melbourne, Victoria 3000 Australia",100,-37.815111,144.9618289,3000
Dish & Spoon,Cafe,2,$$ - $$$,restaurant,4.5,"122 Highfield Rd, Camberwell, Victoria 3124 Australia",72,-37.8378891,145.0844389,3124
DOC Pizza & Mozzarella Bar,Italian,91,$$ - $$$,restaurant,4.5,"295 Drummond St, Melbourne, Victoria 3053 Australia",672,-37.7989985,144.96839,3053
Dock 37 Bar and Kitchen,Australian,337,$$ - $$$,restaurant,4,"2 Convention Centre Pl South Wharf, Melbourne, Victoria 3006 Australia",177,-37.8247906,144.9511172,3006
DoDee Paidang Thai Bar and Cafe,Thai,117,$,restaurant,4.5,"353 Little Collins St, Melbourne, Victoria 3000 Australia",185,-37.8156004,144.9629205,3000
Don Don Japanese,Japanese,274,$,restaurant,4,"198 Little Lonsdale St, Melbourne, Victoria 3000 Australia",241,-37.8107046,144.9634756,3000
Donnini's Restaurant,Italian,152,$$ - $$$,restaurant,4.5,"320 Lygon St Carlton, Melbourne, Victoria 3053 Australia",297,-37.7995258,144.9674972,3053
Donovans,Australian,1,$$$$,restaurant,4.5,"40 Jacka Boulevard, St Kilda, Port Phillip, Victoria 3182 Australia",1022,-37.8685701,144.9750806,3182
Dukes Coffee Roasters,Cafe,89,$,restaurant,4.5,"247 Flinders Lane, Melbourne, Victoria 3000 Australia",182,-37.8168643,144.9661048,3000
Dumplings Plus,Chinese,381,$,restaurant,4,"269 Swanston St, Melbourne, Victoria 3000 Australia",264,-37.8119386,144.9646576,3000
Dunyazad,Lebanese,235,$$ - $$$,restaurant,4.5,"329 Doncaster Rd, Balwyn North, Boorandara, Melbourne, Victoria VIC 3104 Australia",171,-37.7906587,145.0959269,3104
Eau De Vie,Bar,15,$$ - $$$,restaurant,4.5,"1 Malthouse Lane, Melbourne, Victoria 3000 Australia",814,-37.8157231,144.9715309,3000
Ecco,Italian,335,$$ - $$$,restaurant,4,"97 Toorak Rd, Melbourne, Victoria 3141 Australia",157,-37.8385826,144.989712,3141
Elephant and Wheelbarrow,Bar,327,$$ - $$$,restaurant,3.5,"94-96 Bourke St, Melbourne, Victoria 3000 Australia",582,-37.8119053,144.9702831,3000
Eliana Lulu,Cafe,287,$$ - $$$,restaurant,4,"7-9 Centre Pl, Melbourne, Victoria 3000 Australia",166,-37.816633,144.9655106,3000
Embla,Australian,70,$$ - $$$,restaurant,4.5,"122 Russell St, Melbourne, Victoria 3000 Australia",266,-37.813423,144.9686637,3000
Encore Bar and Restaurant,European,210,$$ - $$$,restaurant,4.5,"131 Lonsdale St, Melbourne, Victoria 3000 Australia",135,-37.810779,144.9685513,3000
Epocha,European,128,$$$$,restaurant,4.5,"49 Rathdowne St Carlton South, Melbourne, Victoria 3053 Australia",254,-37.8061009,144.9687226,3053
Esca Grill,Italian,1,$$$$,restaurant,4.5,"650 Mt Alexander Rd, Moonee Ponds, Moonee Valley, Victoria 3039 Australia",345,-37.7701508,144.9262288,3039
Estelle,Australian,1,$$$$,restaurant,4.5,"243 High St, Northcote, Victoria 3070 Australia",395,-37.7732119,144.9979146,3070
Eureka 89,Australian,190,$$$$,restaurant,4.5,"7 Riverside Quay Level 89, Eureka Tower, Melbourne, Victoria 3006 Australia",264,-37.8213342,144.9646982,3006
Fifteen Pounds Cafe,Cafe,1,$$ - $$$,restaurant,4.5,"21 Railway Place, Fairfield, Yarra, Victoria 3078 Australia",84,-37.7795276,145.0171787,3078
Fiorelli,European,1,$$ - $$$,restaurant,4.5,"209 Camberwell Road, Camberwell, Victoria 3124 Australia",213,-37.830402,145.055857,3124
Fitzrovia,Cafe,3,$$ - $$$,restaurant,4.5,"155 Fitzroy St, St Kilda, Port Phillip, Victoria 3182 Australia",732,-37.858971,144.9792428,3182
Flora Indian Restaurant,Indian,385,$,restaurant,4,"238A Flinders St, Melbourne, Victoria 3000 Australia",235,-37.817516,144.966498,3000
Flower Drum,Chinese,42,$$$$,restaurant,4.5,"17 Market Lane, Melbourne, Victoria 3000 Australia",1367,-37.8118976,144.96922,3000
Foglia di Fico,Italian,3,$$ - $$$,restaurant,5,"585 La Trobe St (Spencer St entrance), Melbourne, Victoria 3000 Australia",202,-37.8133556,144.9519345,3000
Fonda Mexican,Mexican,349,$$ - $$$,restaurant,4,"31 Flinders Lane, Melbourne, Victoria 3000 Australia",312,-37.8148147,144.9733165,3000
France Soir,French,154,$$$$,restaurant,4,"11 Toorak Rd South Yarra, Melbourne, Victoria 3141 Australia",654,-37.8381816,144.9869535,3141
Franco-Belge,French,377,$$ - $$$,restaurant,4.5,"9 Evans Place, Hawthorn East, Melbourne, Victoria 3123 Australia",74,-37.8301546,145.0557033,3123
French Saloon,French,370,$$$$,restaurant,4.5,"46 Hardware Lane First Floor, Melbourne, Victoria 3000 Australia",92,-37.8135554,144.9613224,3000
Galleon Cafe,Cafe,5,$$ - $$$,restaurant,4.5,"9 Carlisle St, St Kilda, Port Phillip, Victoria 3182 Australia",260,-37.8670562,144.9789801,3182
Ganache Chocolate,Dessert,87,$$ - $$$,restaurant,4.5,"245 Collins St, Melbourne, Victoria 3000 Australia",260,-37.815988,144.965788,3000
Garden State Hotel,Bar,345,$$ - $$$,restaurant,4,"101 Flinders Lane, Melbourne, Victoria 3000 Australia",299,-37.8153887,144.9711596,3000
George Street Cafe,Cafe,332,$$ - $$$,restaurant,4.5,"65 George St, Melbourne, Victoria 3002 Australia",66,-37.8157315,144.9881615,3002
Geppetto Trattoria,Italian,5,$$ - $$$,restaurant,4.5,"78A Wellington Pde, Melbourne, Victoria 3002 Australia",439,-37.816416,144.9873889,3002
Gimlet At Cavendish House,European,208,$$$$,restaurant,4.5,"33 Russell St, Melbourne, Victoria 3000 Australia",104,-37.8150205,144.9689304,3000
Gin Palace,Bar,156,$$ - $$$,restaurant,4.5,"10 Russell Pl, Melbourne, Victoria 3000 Australia",274,-37.8141565,144.9674828,3000
Ginger Olive Restaurant and Grill,Steakhouse,164,$$ - $$$,restaurant,5,"U 2 38 Manchester Lane Corner Manchester Lane and Flinders Lane, Melbourne, Victoria 3000 Australia",80,-37.8164935,144.9662126,3000
Gingerboy,Bar,77,$$ - $$$,restaurant,4.5,"27-29 Crossley St, Melbourne, Victoria 3000 Australia",990,-37.8112247,144.9708995,3000
Ginza Teppanyaki,Japanese,380,$$ - $$$,restaurant,4,"139 Little Bourke St, Melbourne, Victoria 3000 Australia",229,-37.8117428,144.9684426,3000
Giro d'Italia,Italian,74,$$ - $$$,restaurant,5,"401 Saint Kida Road, Melbourne, Victoria 3000 Australia",84,-37.8356688,144.9759849,3000
Gopal's Vegetarian,Vegetarian,242,$,restaurant,4.5,"139 Swanston St, Melbourne, Victoria 3000 Australia",170,-37.8144115,144.965787,3000
Gordon's Cafe & Bar,Cafe,292,$$ - $$$,restaurant,4,"306 Little Collins St Shop 4, Melbourne, Victoria 3000 Australia",147,-37.814879,144.9644211,3000
Gourmet Curry Hut,Indian,247,$$ - $$$,restaurant,4.5,"318 Hub Arcade Little Collins Street, Melbourne, Victoria 3000 Australia",175,-37.8150564,144.9638232,3000
Gradi Crown,Italian,246,$$ - $$$,restaurant,4,"Crown Entertainment Complex 8 Whiteman St Shop 25, Melbourne, Victoria 3006 Australia",1093,-37.8235301,144.9580953,3006
Grand Trailer Park Taverna,American,82,$$ - $$$,restaurant,4.5,"87 Bourke St, Melbourne, Victoria 3000 Australia",296,-37.8121986,144.9709484,3000
Grill Steak Seafood,Australian,68,$$ - $$$,restaurant,4.5,"68 - 78 Hardware Lane, Melbourne, Victoria 3000 Australia",1479,-37.8130284,144.9610756,3000
Grill'd Degraves St,American,263,$,restaurant,4,"15 Degraves St, Melbourne, Victoria 3000 Australia",219,-37.817761,144.9660313,3000
Grill'd QV,American,309,$$ - $$$,restaurant,4,"Level 2, Queen Victoria Square, Melbourne, Victoria 3000 Australia",235,-37.8185746,144.9627257,3000
GRK Greek Kitchen & Bar,Greek,1,$$ - $$$,restaurant,4.5,"845/847 High St, Thornbury, Darebin, Victoria 3071 Australia",115,-37.754997,145.000897,3071
Grossi  Florentino,Italian,133,$$$$,restaurant,4,"80 Bourke St, Melbourne, Victoria 3000 Australia",1262,-37.8117334,144.9708074,3000
Hakata Gensuke Ramen,Japanese,54,$,restaurant,4.5,"168 Russell St, Melbourne, Victoria 3000 Australia",369,-37.8122628,144.9681737,3000
Half Moon Cafe,Egyptian,1,$,restaurant,5,"13 Victoria St Shop 13, Coburg, Moreland, Victoria 3058 Australia",65,-37.7432229,144.9657655,3058
Hanoi Mee Kitchen & Bar,Vietnamese,184,$$ - $$$,restaurant,4.5,"140 Rouse St Port Melbourne, Melbourne, Victoria 3207 Australia",112,-37.8420941,144.9396913,3207
Hawker Boys,Vietnamese,399,$,restaurant,4.5,"85 Hardware Lane, Melbourne, Victoria 3000 Australia",70,-37.8129671,144.960657,3000
Hawker Hall,Singaporean,4,$$ - $$$,restaurant,4,"98 Chapel St, Windsor, Stonnington, Victoria 3181 Australia",506,-37.8545419,144.9930685,3181
Higher Ground,Cafe,134,$$ - $$$,restaurant,4,"650 Little Bourke St, Melbourne, Victoria 3000 Australia",713,-37.8155861,144.9530587,3000
Hochi Mama,Thai,17,$$ - $$$,restaurant,4.5,"35 Little Bourke St, Melbourne, Victoria 3000 Australia",1469,-37.810701,144.971677,3000
Hooks At The Yarra,Australian,390,$$ - $$$,restaurant,4.5,"Yarra's Edge 50 River Esp Docklands, Melbourne, Victoria 3008 Australia",130,-37.8221898,144.9349857,3008
Hopetoun Tea Rooms est. 1892,Dessert,26,$$ - $$$,restaurant,4.5,"421 Bourke St Hopetoun Tea Rooms, Melbourne, Victoria 3000 Australia",2311,-37.8149479,144.9616456,3000
Hophaus Bar,Bar,251,$$ - $$$,restaurant,4,"Southgate Ave Shop MR5, Mid-Level, Southbank Promenade, Melbourne, Victoria 3006 Australia",471,-37.8202212,144.9657009,3006
Hopscotch,Bar,288,$$ - $$$,restaurant,3.5,"Ground Floor, 4 Riverside Quay Southbank, Melbourne, Victoria 3006 Australia",589,-37.8208918,144.9633777,3006
Hot Poppy,Cafe,364,$$ - $$$,restaurant,4.5,"9 Errol St, Melbourne, Victoria 3051 Australia",74,-37.804762,144.949047,3051
HQ's On William,Australian,122,$$ - $$$,restaurant,4.5,"380 William St Radisson on Flagstaff Gardens, Melbourne, Victoria 3000 Australia",306,-37.8103603,144.9560809,3000
Humble Rays,Cafe,267,$$ - $$$,restaurant,4.5,"71 Bouverie St Carlton, Melbourne, Victoria 3053 Australia",88,-37.804746,144.9613987,3053
Hunky Dory,Australian,240,$,restaurant,4.5,"670 Chapel Street Shop 17, Melbourne, Victoria 3205 Australia",245,-37.8373471,144.9965168,3205
Hurricane Handsome,Cafe,341,$$ - $$$,restaurant,4.5,"329-331 Bay St, Melbourne, Victoria 3207 Australia",89,-37.8360717,144.9443616,3207
Hutong Dumpling Bar,Chinese,153,$$ - $$$,restaurant,4,"14-16 Market Lane, Melbourne, Victoria 3000 Australia",766,-37.8118836,144.9693994,3000
Ides,Japanese,170,$$$$,restaurant,4.5,"92 Smith St, Melbourne, Victoria 3066 Australia",129,-37.8056159,144.9833963,3066
Il Bacaro Cucina e Bar,Italian,12,$$$$,restaurant,4.5,"68-170 Little Collins St 168-170 Little Collins St, Melbourne, Victoria 3000 Australia",504,-37.8138585,144.9679099,3000
IL Dolce Freddo,Dessert,146,$,restaurant,4.5,"116 Lygon Street, Carlton, Melbourne, Victoria 3053 Australia",175,-37.804331,144.966581,3053
Il Duca,Italian,157,$$ - $$$,restaurant,4.5,"132 Wellington Pde, Melbourne, Victoria 3002 Australia",242,-37.816236,144.985683,3002
Il Gambero,Italian,303,$$ - $$$,restaurant,4,"166 Lygon St Carlton, Melbourne, Victoria 3053 Australia",322,-37.8032856,144.96675,3053
Il Solito Posto,Italian,23,$$ - $$$,restaurant,4.5,"113 Collins St via George Parade, Melbourne, Victoria 3000 Australia",989,-37.8145908,144.9701983,3000
Indian Palace Restaurant,Indian,4,$$ - $$$,restaurant,4.5,"131 Church St, Brighton, Bayside, Victoria 3186 Australia",153,-37.9155079,144.9964578,3186
Isan Soul Thai Street Food,Thai,265,$$ - $$$,restaurant,4.5,"98 Bourke St, Melbourne, Victoria 3000 Australia",89,-37.8119345,144.970154,3000
Ish Restaurant,Indian,15,$$ - $$$,restaurant,5,"199 Gertrude St, Fitzroy, Yarra, Victoria 3065 Australia",62,-37.8059736,144.9812232,3065
Izakaya Den,Japanese,173,$$ - $$$,restaurant,4.5,"Basement 118 Russell St, Melbourne, Victoria 3000 Australia",258,-37.8135864,144.9687232,3000
Japanese Teppanyaki Inn,Japanese,107,$$$$,restaurant,4.5,"182 Collins St, Melbourne, Victoria 3000 Australia",219,-37.8150015,144.9675291,3000
Jim's Greek Tavern,Greek,5,$$ - $$$,restaurant,4,"32 Johnston St, Collingwood, Yarra, Victoria 3066 Australia",457,-37.798954,144.985812,3066
Jinda Thai,Thai,1,$$ - $$$,restaurant,4.5,"3-7 Ferguson St, Abbotsford, Yarra, Victoria 3067 Australia",328,-37.8092504,144.9923145,3067
Journeyman,Cafe,3,$$ - $$$,restaurant,4.5,"169 Chapel St, Windsor, Stonnington, Victoria 3181 Australia",203,-37.8522253,144.9931761,3181
Juicy Bao,Chinese,123,$,restaurant,4.5,"178-190 Little Bourke St Shop 2, Melbourne, Victoria 3000 Australia",365,-37.8119045,144.9669566,3000
Jungle Juice Bar,Cafe,393,$,restaurant,4.5,"20 Centre Pl, Melbourne, Victoria 3000 Australia",78,-37.8167121,144.9656432,3000
Kazuki's,Japanese,9,$$$$,restaurant,4.5,"121 Lygon St Carlton, Melbourne, Victoria 3053 Australia",500,-37.804156,144.966067,3053
Kekou,Malaysian,7,$$ - $$$,restaurant,5,"396 Bridge Road, Richmond, Yarra, Victoria 3121 Australia",64,-37.8193384,145.0046679,3121
Kenzan Japanese Restaurant,Japanese,105,$$ - $$$,restaurant,4.5,"56 Flinders Lane At Collins Place, Melbourne, Victoria 3000 Australia",278,-37.8145522,144.9727599,3000
Khao San Road,Thai,5,$$ - $$$,restaurant,4.5,"696 Mt Alexander Rd, Moonee Ponds, Moonee Valley, Victoria 3039 Australia",114,-37.7686375,144.9257629,3039
Kirks Wine Bar,French,243,$$ - $$$,restaurant,4,"Cnr Hardware Lane and Little Bourke, Melbourne, Victoria 3000 Australia",217,-37.8136921,144.9612589,3000
Kisume,Japanese,234,$$$$,restaurant,4,"175 Flinders Lane, Melbourne, Victoria 3000 Australia",399,-37.8161823,144.9686911,3000
Kiwi Fish & Chips,Australian,382,$$ - $$$,restaurant,4.5,"412-422 Victoria Pde Shop 9B, Melbourne, Victoria 3002 Australia",89,-37.8096187,144.9852726,3002
Koko Black,Dessert,312,$$ - $$$,restaurant,4.5,"167 Lygon St, Melbourne, Victoria 3053 Australia",187,-37.8017542,144.9665032,3053
Koko Black Chocolate,Dessert,38,$$ - $$$,restaurant,4.5,"52 Collins St, Melbourne, Victoria 3000 Australia",558,-37.8134641,144.9718105,3000
Koko Japanese Restaurant,Japanese,241,$$$$,restaurant,4,"Crown Entertainment Complex 8 Whiteman St 8 Whiteman St, Southbank, Melbourne, Victoria 3006 Australia",323,-37.8235301,144.9580953,3006
Kri Kri,Greek,333,$$ - $$$,restaurant,4,"39-41 Little Bourke St, Melbourne, Victoria 3000 Australia",370,-37.8108154,144.9714971,3000
La Belle Miette,Dessert,239,$$ - $$$,restaurant,4.5,"8 Collins St, Melbourne, Victoria 3000 Australia",121,-37.8131322,144.9732519,3000
La Cucina Di Sandra,Italian,5,$$ - $$$,restaurant,5,"62 Lyndhurst St Warehouse 62, Richmond, Yarra, Victoria 3121 Australia",73,-37.8208416,144.9998269,3121
La Luna Bistro,Steakhouse,69,$$ - $$$,restaurant,4.5,"320 Rathdowne St Carlton, North, Melbourne, Victoria 3054 Australia",384,-37.7910917,144.9718751,3054
La Petite Creperie,Dessert,294,$,restaurant,4.5,"125 Swanston St Opposite Melbourne Town Hall, Melbourne, Victoria Australia",155,-37.8147141,144.9658574,3000
La Roche,Bar,13,$$ - $$$,restaurant,4.5,"185 Acland St, St Kilda, Port Phillip, Victoria 3182 Australia",325,-37.8695632,144.980341,3182
La Spaghettata,Italian,163,$$ - $$$,restaurant,4,"238 Lygon St, Melbourne, Victoria 3053 Australia",536,-37.8016028,144.96711,3053
Laksa King,Malaysian,61,$,restaurant,4.5,"6-12 Pin Oak Cres Flemington, Melbourne, Victoria 3031 Australia",557,-37.7878492,144.9295491,3031
Lamaro's Hotel,Bar,328,$$ - $$$,restaurant,4,"273 Cecil St, Melbourne, Victoria 3205 Australia",194,-37.8383852,144.9604371,3205
Laurent Bakery,Cafe,311,$$ - $$$,restaurant,4,"306 Little Collins St, Melbourne, Victoria 3000 Australia",352,-37.814879,144.964421,3000
Le Bon Ton,American,3,$$ - $$$,restaurant,4,"51 Gipps St, Collingwood, Yarra, Victoria 3066 Australia",306,-37.8048099,144.9885784,3066
Le Petit Gateau,Dessert,315,$$ - $$$,restaurant,4.5,"458 Little Collins St, Melbourne, Victoria 3000 Australia",76,-37.8162435,144.9596107,3000
Le Petite Bourke,Cafe,275,$$ - $$$,restaurant,4.5,"24 Little Bourke St, Melbourne, Victoria 3000 Australia",130,-37.8106352,144.9714098,3000
Lee Ho Fook,Chinese,202,$$ - $$$,restaurant,4.5,"11-15 Duckboard Pl, Melbourne, Victoria 3000 Australia",200,-37.8156023,144.9713081,3000
Left Bank Melbourne,Bar,368,$$ - $$$,restaurant,3.5,"1 Southbank Boulevard, Melbourne, Victoria 3006 Australia",841,-37.821118,144.9626969,3006
Lemnos Tavern,Greek,4,$$ - $$$,restaurant,4.5,"445 High St, Prahran, Stonnington, Victoria 3181 Australia",113,-37.8529833,145.0032647,3181
Lentil As Anything St Kilda,Vegan,14,$,restaurant,4.5,"41 Blessington St, St Kilda, Port Phillip, Victoria 3182 Australia",219,-37.8704353,144.9810295,3182
L'Hotel Gitan,French,2,$$ - $$$,restaurant,4,"32 Commercial Rd, Prahran, Stonnington, Victoria 3181 Australia",256,-37.846135,144.9868595,3181
Lindt Chocolate Cafe Southgate Melbourne,Dessert,282,$$ - $$$,restaurant,4,"Shop G09, 3 Southgate Avenue Southgate Retail Precinct, Melbourne, Victoria 3006 Australia",208,-37.8203199,144.9661527,3006
Little Africa,African,362,$$ - $$$,restaurant,4.5,"358 Victoria St, Melbourne, Victoria 3051 Australia",58,-37.80549,144.9543455,3051
Little Billy,Australian,258,$$ - $$$,restaurant,4,"Shop W2 195 William St, Melbourne, Victoria 3000 Australia",162,-37.8146578,144.9574246,3000
Little Black Pig & Sons,Italian,1,$$ - $$$,restaurant,4.5,"48 Burgundy St, Heidelberg, Banyule, Victoria 3084 Australia",196,-37.7562813,145.0686788,3084
Little Cupcakes,Dessert,398,$,restaurant,4.5,"Shop 6/181 William St, Goldsborough Lane, Melbourne, Victoria 3000 Australia",127,-37.8151891,144.9575872,3000
Little Ramen Bar,Japanese,236,$,restaurant,4,"369 Little Collins St, Melbourne, Victoria 3000 Australia",173,-37.8163501,144.9628002,3000
Little Tommy Tucker Cafe,Cafe,4,$$ - $$$,restaurant,4.5,"432 Centre Rd, Bentleigh, Glen Eira, Victoria 3204 Australia",153,-37.9186693,145.0379903,3204
Little Vietnam 504,Vietnamese,1,$$ - $$$,restaurant,4.5,"504 Hampton St, Hampton, Bayside, Victoria 3188 Australia",145,-37.934913,145.00319,3188
Locanda Restaurant & Public Bar,Italian,317,$$ - $$$,restaurant,4,"186 Exhibition St, Melbourne, Victoria 3000 Australia",369,-37.8112832,144.9707745,3000
Lolo and Wren,Cafe,436,$$ - $$$,restaurant,4.5,"484 Albion St West Brunswick, Melbourne, Victoria Australia",84,-37.7581897,144.939775,3055
Longrain,Thai,28,$$ - $$$,restaurant,4.5,"44 Little Bourke St, Melbourne, Victoria 3000 Australia",1172,-37.8106475,144.9712096,3000
Lord Cardigan,Australian,278,$$ - $$$,restaurant,4.5,"59 Cardigan Pl, Melbourne, Victoria 3206 Australia",114,-37.8411077,144.9531645,3206
Lucy Liu Kitchen and Bar,Asian,67,$$ - $$$,restaurant,4.5,"23 Oliver Lane, Melbourne, Victoria 3000 Australia",1195,-37.8159928,144.9699538,3000
Ludlow Bar & Dining Room,Bar,322,$$ - $$$,restaurant,3.5,"6 Riverside Qy, Melbourne, Victoria 3006 Australia",702,-37.8208482,144.963894,3006
Lune Croissanterie,Bakery,221,$,restaurant,4.5,"161 Collins St Shop 16, Enter via Russell Street, Melbourne, Victoria 3000 Australia",156,-37.815369,144.9689556,3000
Lupino Bistro and Bar,Italian,16,$$ - $$$,restaurant,4.5,"41 Little Collins St, Melbourne, Victoria 3000 Australia",416,-37.8127466,144.9723213,3000
Maccaroni Trattoria Italiana,Italian,286,$$ - $$$,restaurant,4,"10-16 Manchester Lane, Melbourne, Victoria 3000 Australia",408,-37.8160732,144.9659752,3000
Madame Brussels,Bar,114,$$ - $$$,restaurant,4,"59-63 Bourke St Level 3, Above Spaghetti Tree Restaurant!, Melbourne, Victoria 3000 Australia",461,-37.8119715,144.9715104,3000
Magic Mountain Saloon,Thai,148,$$ - $$$,restaurant,4,"62 Little Collins St, Melbourne, Victoria 3000 Australia",289,-37.81282,144.9714411,3000
Maha,Turkish,45,$$$$,restaurant,4.5,"21 Bond St, Melbourne, Victoria 3000 Australia",1702,-37.818225,144.9624549,3000
Mahn Doo,Korean,169,$$ - $$$,restaurant,4.5,"365 La Trobe St, Melbourne, Victoria 3000 Australia",119,-37.8114461,144.9582873,3000
Mamak,Malaysian,116,$,restaurant,4,"366 Lonsdale St, Melbourne, Victoria 3000 Australia",514,-37.8122172,144.9614821,3000
Mamasita,Mexican,135,$$ - $$$,restaurant,4,"11 Collins St, Melbourne, Victoria 3000 Australia",1307,-37.8137892,144.9734671,3000
Manchester Press,Cafe,84,$$ - $$$,restaurant,4.5,"8 Rankins Lane, Melbourne, Victoria 3000 Australia",500,-37.8138885,144.9621516,3000
Marion Wine Bar,Bar,8,$$ - $$$,restaurant,4.5,"53 Gertrude St, Fitzroy, Yarra, Victoria 3065 Australia",145,-37.8054734,144.9758542,3065
Marios Cafe,Italian,19,$$ - $$$,restaurant,4,"303 Brunswick St, Fitzroy, Yarra, Victoria 3065 Australia",225,-37.7979472,144.9783158,3065
Massi,Italian,320,$$ - $$$,restaurant,4.5,"445 Little Collins St, Melbourne, Victoria 3000 Australia",83,-37.8163761,144.9598855,3000
Matteo's,Australian,1,$$$$,restaurant,4.5,"533 Brunswick St Melbourne, North Fitzroy, Yarra, Victoria 3068 Australia",378,-37.7911674,144.9794716,3068
Max Bar Restaurant,Italian,63,$$ - $$$,restaurant,4,"54 - 58 Hardware Lane, Melbourne, Victoria 3000 Australia",1405,-37.8133738,144.9612479,3000
Meatmaiden,Steakhouse,204,$$ - $$$,restaurant,4,"195 Little Collins St Basement, Melbourne, Victoria 3000 Australia",344,-37.8144873,144.9678741,3000
Mediterraneo Charcoal Restaurant,Steakhouse,3,$$ - $$$,restaurant,4.5,"116 Bridport St, Albert Park, Port Phillip, Victoria 3206 Australia",171,-37.8402965,144.9562863,3206
Melba Restaurant,Indian,125,$$$$,restaurant,4,"1 Southgate Ave The Langham, Southbank, Melbourne, Victoria 3006 Australia",1306,-37.8206734,144.9656738,3006
Melbourne Hwaro Korean Barbecue,Korean,285,$$ - $$$,restaurant,4,"Level Ground 562 Little Bourke St, Melbourne, Victoria 3000 Australia",141,-37.815158,144.955702,3000
Mercadante Woodfired Pizzeria,Italian,175,$$ - $$$,restaurant,4.5,"Shop 123, Lygon St Carlton, Melbourne, Victoria 3053 Australia",365,-37.8040905,144.9660791,3053
Merchant,Italian,182,$$ - $$$,restaurant,4,"495 Collins St, Melbourne, Victoria 3000 Australia",331,-37.8183605,144.9580642,3000
Mesh - Crown Promenade,Australian,378,$$ - $$$,restaurant,4,"8 Whiteman Street, Southbank 8 Whiteman St, Southbank, Melbourne, Victoria 3006 Australia",432,-37.8234367,144.9580861,3006
Metro Burger,Australian,100,$,restaurant,4.5,"12 Degraves St, Melbourne, Victoria 3000 Australia",146,-37.8175357,144.9660006,3000
Mezzo,Italian,225,$$ - $$$,restaurant,4,"35 Little Bourke St, Melbourne, Victoria 3000 Australia",324,-37.810701,144.971677,3000
Milk the Cow,Bar,2,$$ - $$$,restaurant,4.5,"U 1 157 Fitzroy St, St Kilda, Port Phillip, Victoria 3182 Australia",338,-37.8589,144.97947,3182
Milk the Cow,Bar,161,$$ - $$$,restaurant,4.5,"323 Lygon St, Melbourne, Victoria 3053 Australia",152,-37.7977617,144.9671298,3053
Mister and Miss Cafe,Cafe,1,$$ - $$$,restaurant,4,"Mont Albert Victoria 711-713 Whitehorse Rd, Mont Albert, Whitehorse, Victoria 3127 Australia",199,-37.815616,145.105808,3217
Mister Bianco,Italian,3,$$ - $$$,restaurant,4,"285 High St, Kew, Boroondara, Victoria 3101 Australia",214,-37.8050657,145.0351682,3101
Mitre Tavern Steakhouse & Grill,Steakhouse,151,$$ - $$$,restaurant,4,"5 Bank Pl Level 1, Melbourne, Victoria 3000 Australia",424,-37.8167782,144.9603447,3000
Miyako Japanese Cuisine & Teppanyaki,Japanese,250,$$ - $$$,restaurant,4,"3 Southgate Ave Upper Level, Shop UR2, Southgate Arts & Leisure Precinct, Melbourne, Victoria 3006 Australia",323,-37.820556,144.965833,3006
Mjolner,European,195,$$$$,restaurant,4.5,"106 Hardware St, Melbourne, Victoria 3000 Australia",136,-37.8121345,144.9606935,3000
Moroccan Soup Bar,Moroccan,2,$,restaurant,4.5,"183 St Georges Rd, North Fitzroy, Yarra, Victoria 3068 Australia",218,-37.7848457,144.9822432,3068
MoVida Aqui,Spanish,81,$$ - $$$,restaurant,4.5,"Nab Building, 1 500 Bourke St NAB Building, Melbourne, Victoria 3000 Australia",752,-37.8152622,144.9589353,3000
Movida Bar de Tapas,Spanish,72,$$ - $$$,restaurant,4.5,"1 Hosier Lane, Melbourne, Victoria 3000 Australia",2760,-37.8167556,144.9691141,3000
MoVida Next Door,Spanish,73,$$ - $$$,restaurant,4.5,"164 Flinders St, Melbourne, Victoria 3000 Australia",528,-37.8167556,144.9691141,3000
Mr Huang Jin,Chinese,227,$$ - $$$,restaurant,4.5,"24 Katherine Pl Plaza Level, Rialto Towers, Melbourne, Victoria 3000 Australia",96,-37.8197753,144.9564621,3000
Mr. Hive,Australian,289,$$ - $$$,restaurant,4,"Level 1, Crown Metropol 8 Whiteman Street, Melbourne, Victoria Australia",456,-37.8223655,144.9600278,3006
Mr. Miyagi,Japanese,2,$$ - $$$,restaurant,4,"99 Chapel St, Windsor, Stonnington, Victoria 3181 Australia",401,-37.854224,144.992719,3181
Munich Brauhaus,German,304,$$ - $$$,restaurant,3.5,"45 South Wharf Promenade, Melbourne, Victoria Australia",1034,-37.8241437,144.9500484,3006
Naked for Satan,Bar,5,$$ - $$$,restaurant,4.5,"285 Brunswick St, Fitzroy, Yarra, Victoria 3065 Australia",1244,-37.798765,144.978198,3065
Naked in the Sky,Bar,20,$$ - $$$,restaurant,4.5,"285 Brunswick St, Fitzroy, Yarra, Victoria 3065 Australia",130,-37.798765,144.978198,3065
Nevsky Russian Restaurant,Russian,1,$$ - $$$,restaurant,4.5,"476 Glen Huntly Rd, Elsternwick, Glen Eira, Victoria 3185 Australia",160,-37.8853675,145.0077779,3185
Nine Elephants,Thai,279,$$ - $$$,restaurant,4.5,"67 Village St Docklands, Melbourne, Victoria 3008 Australia",145,-37.8191991,144.949288,3008
Nirankar Restaurant,Nepalese,248,$$ - $$$,restaurant,4.5,"174-176 Queen St, Melbourne, Victoria 3000 Australia",189,-37.814316,144.960662,3000
No35,Australian,104,$$$$,restaurant,4,"35/25 Collins St Level 35, Melbourne, Victoria 3000 Australia",929,-37.8139461,144.9734456,3000
Nobu Melbourne,Japanese,178,$$$$,restaurant,4,"Crown Entertainment Complex 8 Whiteman St, Melbourne, Victoria 3006 Australia",1462,-37.8235301,144.9580953,3006
Noir,French,3,$$$$,restaurant,4.5,"175 Swan St, Richmond, Yarra, Victoria 3121 Australia",234,-37.8254928,144.997523,3121
Oak & Vine,Australian,276,$$ - $$$,restaurant,4.5,"60 Market St, Melbourne, Victoria 3000 Australia",108,-37.8178256,144.9607964,3000
Om Nom,Dessert,83,$$$$,restaurant,4,"187 Flinders Lane Adelphi Hotel, Melbourne, Victoria 3000 Australia",545,-37.816265,144.9683427,3000
Ombra Salumi Bar,Italian,158,$$ - $$$,restaurant,4.5,"76 Bourke St, Melbourne, Victoria 3000 Australia",230,-37.8117355,144.9709762,3000
One Eleven,Australian,313,$$$$,restaurant,4,"111 Spring Street The Hotel Windsor, Melbourne, Victoria 3000 Australia",175,-37.812125,144.9729651,3000
Operator 25,Cafe,22,$$ - $$$,restaurant,4.5,"25 Wills St, Melbourne, Victoria 3000 Australia",447,-37.8107136,144.9569944,3000
Oriental Spoon,Korean,295,$$ - $$$,restaurant,4,"254 La Trobe St, Melbourne, Victoria 3000 Australia",217,-37.8099325,144.9618404,3000
Oriental Tea House,Chinese,255,$$ - $$$,restaurant,4,"378 Little Collins St, Melbourne, Victoria 3000 Australia",221,-37.8155686,144.9620508,3000
Osteria Ilaria,Italian,120,$$ - $$$,restaurant,4.5,"367 Little Bourke St, Melbourne, Victoria 3000 Australia",248,-37.8136075,144.9619069,3000
P.J.O'Brien's Irish Pub,Bar,92,$$ - $$$,restaurant,4,"Southgate Southgate Restaurant & Shopping Precinct, Melbourne, Victoria 3006 Australia",544,-37.8200651,144.9666394,3006
Pacinos Italian Family Restaurant,Italian,1,$$ - $$$,restaurant,4.5,"300 Epsom Rd 300-320 Epsom Road, Ascot Vale, Moonee Valley, Victoria 3031 Australia",240,-37.7827701,144.9164962,3031
Palermo,Argentinian,166,$$ - $$$,restaurant,4.5,"401 Little Bourke St, Melbourne, Victoria 3000 Australia",143,-37.8139016,144.9609947,3000
Papa Gino's Pizza Restaurant,Italian,209,$$ - $$$,restaurant,4,"Lygon Street Carlton, Melbourne, Victoria 3053 Australia",465,-37.8000755,144.9670959,3053
Paper Plate Restaurant,Vietnamese,12,$$ - $$$,restaurant,4.5,"318 Bridge Rd, Richmond, Yarra, Victoria 3121 Australia",65,-37.8190496,145.0018873,3121
Paris Go Bistro,French,307,$$ - $$$,restaurant,4,"116 Rathdowne St, Melbourne, Victoria 3053 Australia",169,-37.796976,144.9708525,3053
Park Street Pasta & Wine,Italian,443,$$ - $$$,restaurant,4.5,"268 Park St South Melbourne, Melbourne, Victoria 3205 Australia",91,-37.8354504,144.9600758,3205
Pascale Bar & Grill,European,284,$$$$,restaurant,4.5,"133 Russell St Level 1, Melbourne, Victoria 3000 Australia",161,-37.8133398,144.9681516,3000
pastuso,Peruvian,78,$$ - $$$,restaurant,4.5,"19 Acdc Lane Off Flinders Lane Between Collins St and Exhibition St, Melbourne, Victoria 3000 Australia",857,-37.8158292,144.971038,3000
Patricia Coffee Brewers,Cafe,27,$,restaurant,4.5,"493-495 Little Bourke St, Melbourne, Victoria 3000 Australia",212,-37.8146914,144.9582354,3000
Peko Peko,Chinese,223,$,restaurant,4.5,"190 Wells St, Melbourne, Victoria 3205 Australia",208,-37.8318959,144.9697248,3205
Pellegrini's Espresso Bar,Italian,127,$,restaurant,4,"66 Bourke St, Melbourne, Victoria 3000 Australia",1067,-37.8116808,144.9711915,3000
Phancy Cafe,Cafe,340,$$ - $$$,restaurant,4.5,"408 Queen St, Melbourne, Victoria 3000 Australia",93,-37.809095,144.958275,3000
Philhellene,Greek,3,$$ - $$$,restaurant,4,"551-553 Mount Alexander Rd, Moonee Ponds, Moonee Valley, Victoria 3039 Australia",187,-37.769392,144.925447,3039
Philippe,French,103,$$$$,restaurant,4.5,"115 Collins St, Melbourne, Victoria 3000 Australia",261,-37.8147295,144.9700165,3000
Pho Bo Ga Mekong,Vietnamese,269,$,restaurant,4,"241 Swanston St, Melbourne, Victoria 3000 Australia",448,-37.8123638,144.964862,3000
Piccolo Mondo,Italian,47,$$ - $$$,restaurant,4.5,"240 Lygon St Carlton, Melbourne, Victoria 3053 Australia",735,-37.8015535,144.9670992,3053
Pidapipo Gelateria,Dessert,11,$,restaurant,4.5,"299 Lygon St, Carlton, Melbourne, Victoria 3053 Australia",433,-37.7983787,144.9670955,3053
Pier Port Melbourne,Bar,220,$$ - $$$,restaurant,4.5,"1 Bay St, Melbourne, Victoria 3207 Australia",189,-37.8430704,144.9364029,3207
Pilgrim Bar,Bar,325,$$ - $$$,restaurant,4,"Vaults 15-19 Federation Wharf Federation Square, Melbourne, Victoria 3000 Australia",175,-37.8179789,144.9690576,3000
Pinchy's,Australian,198,$$ - $$$,restaurant,4.5,"Level 1, 200 Bourke St Midcity Arcade, Melbourne, Victoria 3000 Australia",146,-37.8122805,144.9672498,3000
Plain Sailing,Cafe,1,$$ - $$$,restaurant,4.5,"144 Ormond Rd, Elwood, Port Phillip, Victoria 3184 Australia",85,-37.886483,144.9888305,3184
Plus 5,Italian,359,$$ - $$$,restaurant,4,"37 South Wharf Promenade, Melbourne, Victoria 3008 Australia",233,-37.8242038,144.9511298,3008
Ponyfish Island,Bar,115,$$ - $$$,restaurant,4,"Underneath Evan Walker Pedestrian Bridge Southbank, Melbourne, Victoria 3006 Australia",479,-37.8199057,144.9650109,3006
Pope Joan,Cafe,354,$$ - $$$,restaurant,4,"45 Collins St, Melbourne, Victoria 3000 Australia",170,-37.8142245,144.9723946,3000
Postmaster Hotel,Bar,2,$$ - $$$,restaurant,4,"186 High St, Kew, Boroondara, Victoria 3101 Australia",185,-37.8067586,145.0314272,3101
Pretty Boy Italian Steakhouse,Italian,348,$$ - $$$,restaurant,4.5,"399 Little Lonsdale Street Level 1, Melbourne, Victoria 3000 Australia",73,-37.8119675,144.9600506,3000
Pud Thai vs Pho,Thai,347,$,restaurant,4.5,"60 Siddeley St, Melbourne, Victoria 3008 Australia",103,-37.8228419,144.9523617,3008
Punch Lane,European,34,$$ - $$$,restaurant,4.5,"43 Little Bourke St, Melbourne, Victoria 3000 Australia",667,-37.8109091,144.9713803,3000
Pure South Dining,Australian,177,$$$$,restaurant,4,"3 Southgate Ave Southbank, Melbourne, Victoria 3006 Australia",927,-37.820556,144.965833,3006
QT Kitchen,Vietnamese,1,$$ - $$$,restaurant,4.5,"12 High St, Glen Iris, Stonnington, Victoria 3146 Australia",71,-37.8618811,145.0649505,3146
Radii Restaurant & Bar,European,384,$$$$,restaurant,4,"1 Parliament Pl, Melbourne, Victoria 3002 Australia",211,-37.811233,144.9764999,3002
Radio Mexico Taqueria & Bar,Mexican,15,$$ - $$$,restaurant,4,"11-13 Carlisle St, St Kilda, Port Phillip, Victoria 3182 Australia",288,-37.8670443,144.979233,3182
Railway Hotel,Bar,52,$$ - $$$,restaurant,4.5,"280 Ferrars St, Melbourne, Victoria 3205 Australia",267,-37.8354178,144.9557189,3205
Rare Steakhouse Downtown,Steakhouse,60,$$ - $$$,restaurant,4.5,"42-44 King St, Melbourne, Victoria 3000 Australia",516,-37.8191281,144.9572641,3000
Rare Steakhouse Midtown,Steakhouse,51,$$ - $$$,restaurant,4.5,"12 Goldie Pl, Melbourne, Victoria 3000 Australia",344,-37.8133785,144.9606857,3000
Rare Steakhouse Uptown,Steakhouse,40,$$ - $$$,restaurant,4.5,"61 Little Collins St Shop 6, Melbourne, Victoria 3000 Australia",755,-37.8129822,144.9716921,3000
Red Emperor Chinese Restaurant,Chinese,165,$$ - $$$,restaurant,4,"3 Southgate Ave M10/ Mid Level, Melbourne, Victoria 3006 Australia",534,-37.820556,144.965833,3006
Red Pepper Indian Restaurant,Indian,254,$$ - $$$,restaurant,4,"14 Bourke St, Melbourne, Victoria 3000 Australia",408,-37.811314,144.972481,3000
Red Spice Road,Thai,31,$$ - $$$,restaurant,4.5,"141 Queen St, Melbourne, Victoria 3000 Australia",1737,-37.8153487,144.9606082,3000
Republica,Australian,11,$$ - $$$,restaurant,4,"10-18 Jacka Boulevard St. Kilda Sea Baths, St Kilda, Port Phillip, Victoria 3182 Australia",492,-37.8652736,144.9717383,3182
Restaurant 1903,Australian,245,$$ - $$$,restaurant,4.5,"44 Spencer St Very Close to Southern Cross Railway Station, Melbourne, Victoria 3000 Australia",155,-37.8197244,144.9549936,3000
Ricardo's Trattoria,Italian,1,$$ - $$$,restaurant,4.5,"99 Dundas Pl, Albert Park, Port Phillip, Victoria 3206 Australia",176,-37.8412662,144.9551868,3206
Rice Paper,Vietnamese,192,$,restaurant,4,"245 Swanston St, Melbourne, Victoria 3000 Australia",287,-37.8122317,144.9648001,3000
Rice Paper Scissors,Thai,6,$$ - $$$,restaurant,4.5,"15 Hardware Lane, Melbourne, Victoria 3000 Australia",2701,-37.8142942,144.9614576,3000
Richmond Oyster,Australian,6,$$ - $$$,restaurant,4.5,"437 Church St, Richmond, Yarra, Victoria 3121 Australia",326,-37.8262922,144.9981525,3121
Riverland,Bar,375,$$ - $$$,restaurant,4,"Vaults 1-9 Federation Wharf Federation Square, Melbourne, Victoria 3000 Australia",317,-37.8179789,144.9690576,3000
Rock Paper Scissors,Cafe,260,$$ - $$$,restaurant,4.5,"136-138 Rouse St, Melbourne, Victoria 3207 Australia",76,-37.8421619,144.9398182,3207
Rocket Burger & Fries,American,321,$,restaurant,4.5,"Cnr Flinders & Elizabeth Streets 26 Elizabeth St, Melbourne, Victoria 3000 Australia",131,-37.81739,144.964902,3000
Rockpool Bar & Grill,Steakhouse,189,$$$$,restaurant,4,"Crown Complex Southbank, Melbourne, Victoria 3006 Australia",1961,-37.8235301,144.9580953,3006
Rococo,Italian,6,$$ - $$$,restaurant,4,"87-91 Acland St St.Kilda, St Kilda, Port Phillip, Victoria 3182 Australia",973,-37.867946,144.978887,3182
Rosa's Canteen,Italian,138,$$ - $$$,restaurant,4.5,"Cnr Little Bourke & Thomson St Level 1, Melbourne, Victoria 3000 Australia",154,-37.8144103,144.9587573,3000
Rosco's at Chevron Cafe Bar,Italian,118,$$ - $$$,restaurant,4.5,"14/519 St Kilda Rd, Melbourne, Victoria 3004 Australia",262,-37.8453253,144.9794322,3004
Rosetta,Italian,224,$$$$,restaurant,4,"Crown Entertainment Complex 8 Whiteman St Crown Complex, Melbourne, Victoria 3006 Australia",996,-37.8238395,144.9599367,3006
Roule Galette Melbourne,French,8,$,restaurant,4.5,"241 Flinders Lane Shop 1, Melbourne, Victoria 3000 Australia",604,-37.8168239,144.9662818,3000
Royal Stacks,American,256,$,restaurant,4,"470 Collins St, Melbourne, Victoria 3000 Australia",169,-37.8176335,144.9585748,3000
Rubiras,Australian,174,$$ - $$$,restaurant,4.5,"192 Station St Swallows Hotel, Melbourne, Victoria 3207 Australia",218,-37.8327451,144.9455607,3207
Rumi Brunswick,Lebanese,1,$$ - $$$,restaurant,4.5,"116 Lygon St, Brunswick East, Moreland, Victoria 3057 Australia",265,-37.7748401,144.9713803,3057
Ruyi Modern Chinese,Chinese,25,$$ - $$$,restaurant,4.5,"16 Liverpool St, Melbourne, Victoria 3000 Australia",377,-37.8111076,144.9714406,3000
Saint & Rogue,Bar,330,$$ - $$$,restaurant,4,"582 Little Collins St, Melbourne, Victoria 3000 Australia",127,-37.8174212,144.9553607,3000
Saint Crispin,Australian,4,$$$$,restaurant,4,"300 Smith St, Collingwood, Yarra, Victoria 3066 Australia",332,-37.800243,144.984278,3066
Sake Restaurant & Bar,Japanese,180,$$ - $$$,restaurant,4,"100 St Kilda Rd Hamer Hall, Arts Centre, Melbourne, Victoria 3004 Australia",725,-37.8201455,144.9679946,3004
Sake Restaurant & Bar,Japanese,389,$$ - $$$,restaurant,4,"121 Flinders Lane, Melbourne, Victoria 3000 Australia",181,-37.8156645,144.9704982,3000
Sakura Kaiten,Japanese,361,$$ - $$$,restaurant,4.5,"60 Little Collins St, Melbourne, Victoria 3000 Australia",132,-37.8122716,144.9718765,3000
Sally's Kitchen and Winebar,Australian,131,$$ - $$$,restaurant,4.5,"115 Little Lonsdale St, Melbourne, Victoria 3000 Australia",232,-37.8094717,144.9685454,3000
Salona Restaurant,Greek,351,$$ - $$$,restaurant,4.5,"260A Swan Street, Richmond, Melbourne, Victoria 3121 Australia",126,-37.8259676,144.9990013,3121
San Telmo,Steakhouse,66,$$ - $$$,restaurant,4.5,"14 Meyers Pl, Melbourne, Victoria 3000 Australia",709,-37.8121868,144.9724559,3000
Sapa Hills Restaurant,Vietnamese,2,$$ - $$$,restaurant,4.5,"112 Hopkins St, Footscray, Maribyrnong, Victoria 3011 Australia",196,-37.7997017,144.9016415,3011
Saporito Cafe Bar & Grill,Cafe,352,$$ - $$$,restaurant,4.5,"12-16 Kavanagh St, Melbourne, Victoria 3006 Australia",71,-37.8226462,144.9663738,3006
Saporito Taquito,Mexican,264,$$ - $$$,restaurant,4.5,"163 Inkerman St Unit 211, Melbourne, Victoria 3182 Australia",96,-37.865139,144.9884176,3182
Saxe,Bar,379,$$ - $$$,restaurant,4.5,"211 Queen St, Melbourne, Victoria 3000 Australia",52,-37.8138276,144.9599037,3000
Scopri,Italian,1,$$ - $$$,restaurant,5,"191 Nicholson St Carlton, Melbourne, Victoria 3053 Australia",1049,-37.7956753,144.9749193,3053
Scugnizzo,Italian,199,$$ - $$$,restaurant,4.5,"558 Little Bourke St Entrance via Merritts place, Melbourne, Victoria 3000 Australia",180,-37.8148972,144.9559351,3000
seamstress,Asian,36,$$ - $$$,restaurant,4.5,"113 Lonsdale St, Melbourne, Victoria 3000 Australia",501,-37.8105692,144.9690353,3000
Seasons Provedore,Italian,102,$$ - $$$,restaurant,4.5,"199 Lygon St, Melbourne, Victoria 3053 Australia",494,-37.800967,144.966654,3053
Seedling Cafe,Cafe,238,$$ - $$$,restaurant,4.5,"349 Little Collins St, Melbourne, Victoria 3000 Australia",75,-37.8154635,144.963264,3000
Self Preservation,Italian,230,$$ - $$$,restaurant,4,"70 Bourke St, Melbourne, Victoria 3000 Australia",207,-37.8117064,144.9711052,3000
Seven Seeds,Australian,46,$$ - $$$,restaurant,4.5,"114 Berkley Street Carlton, Melbourne, Victoria Australia",381,-37.8028948,144.9591314,3053
Sezar,American,18,$$ - $$$,restaurant,4.5,"6 Melbourne Pl, Melbourne, Victoria 3000 Australia",1024,-37.8134153,144.9689351,3000
Shakahari too,Australian,355,$$ - $$$,restaurant,4.5,"225 Clarendon St, Melbourne, Victoria 3205 Australia",89,-37.8312037,144.9600328,3205
Shakahari Vegetarian Restaurant,Vegetarian,231,$$ - $$$,restaurant,4.5,"201-203 Faraday St, Melbourne, Victoria 3053 Australia",221,-37.798943,144.9678571,3053
ShanDong MaMa,Chinese,271,$,restaurant,4,"200 Bourke St Mid City Centre, Shop 7, Melbourne, Victoria 3000 Australia",220,-37.8128039,144.9674288,3000
ShanDong MaMa mini,Chinese,302,$,restaurant,4.5,"5 Centre Pl, Melbourne, Victoria 3000 Australia",63,-37.8167191,144.9655562,3000
Shanghai Street,Chinese,121,$,restaurant,4,"342 Little Bourke St, Melbourne, Victoria 3000 Australia",595,-37.8132744,144.9623823,3000
Shark Fin Inn,Chinese,406,$$ - $$$,restaurant,3.5,"50 Little Bourke St, Melbourne, Victoria 3000 Australia",586,-37.8107214,144.9710292,3000
Shoya,Japanese,310,$$$$,restaurant,4,"25 Market Lane, Melbourne, Victoria 3000 Australia",216,-37.811732,144.9691095,3000
Shujinko,Japanese,261,$,restaurant,4,"225 Russell St, Melbourne, Victoria 3000 Australia",142,-37.811322,144.9671426,3000
Simply Spanish,Spanish,222,$$ - $$$,restaurant,4,"116 Cecil St, Melbourne, Victoria 3205 Australia",251,-37.8324728,144.9571959,3205
Simply Spanish QVM,Spanish,215,$$ - $$$,restaurant,4.5,"513 Elizabeth St, Melbourne, Victoria 3000 Australia",210,-37.806738,144.9587744,3000
Sir Charles,Cafe,14,$$ - $$$,restaurant,4.5,"121 Johnston St, Fitzroy, Yarra, Victoria 3065 Australia",133,-37.7980866,144.9789318,3065
Sister of Soul,Cafe,9,$$ - $$$,restaurant,4,"73 Acland St, St Kilda, Port Phillip, Victoria 3182 Australia",402,-37.8677668,144.9787432,3182
Smith and Daughters,Vegan,9,$$ - $$$,restaurant,4.5,"175 Brunswick St, Fitzroy, Yarra, Victoria 3065 Australia",388,-37.8021825,144.9775548,3065
Sons of Mary,Australian,2,$$ - $$$,restaurant,4.5,"14 Spink St, Brighton, Bayside, Victoria 3186 Australia",233,-37.897926,145.0043793,3186
Sosta Ristorante,Italian,283,$$ - $$$,restaurant,4.5,"12 Errol Street, Melbourne, Victoria 3051 Australia",183,-37.8048261,144.9495684,3051
Spaghetti Tree,Italian,171,$$ - $$$,restaurant,4,"59 Bourke St, Melbourne, Victoria 3000 Australia",786,-37.8120197,144.9715179,3000
Spice Temple,Chinese,200,$$$$,restaurant,4,"Crown Entertainment Complex 8 Whiteman St Crown Complex, Southbank, Melbourne, Victoria 3006 Australia",1311,-37.8238395,144.9599367,3006
Spicy Korea,Korean,296,$,restaurant,4.5,"U 1 601 Little Collins St, Melbourne, Victoria 3000 Australia",72,-37.8179151,144.9548451,3000
SPQR Pizzeria,Italian,197,$$ - $$$,restaurant,4.5,"26 Liverpool Street, Melbourne 3000, Melbourne, Victoria 3000 Australia",194,-37.8109144,144.9713081,3000
Spring Street Grocer Cafe,Cafe,305,$$ - $$$,restaurant,4.5,"157 Spring St, Melbourne, Victoria 3000 Australia",96,-37.8110157,144.9725673,3000
Square & Compass,Cafe,290,$$ - $$$,restaurant,4.5,"222 Clarendon Street, Melbourne, Victoria Australia",113,-37.831348,144.9595218,3205
Squires Loft South Yarra,Australian,93,$$ - $$$,restaurant,4.5,"166 Toorak Rd, Melbourne, Victoria 3141 Australia",383,-37.8392737,144.992556,3141
St Ali Coffee Roasters,Cafe,111,$$ - $$$,restaurant,4,"12-18 Yarra Pl, Melbourne, Victoria 3205 Australia",632,-37.831329,144.960397,3205
St LuJa,Bar,7,$$ - $$$,restaurant,4.5,"9 Fitzroy St, St Kilda, Port Phillip, Victoria 3182 Australia",124,-37.8626272,144.9732215,3182
Stalactites,Greek,149,$$ - $$$,restaurant,4,"177-183 Lonsdale St, Melbourne, Victoria 3000 Australia",1473,-37.8111764,144.9670673,3000
Station Hotel,Bar,3,$$ - $$$,restaurant,4,"59 Napier St, Footscray, Maribyrnong, Victoria 3011 Australia",352,-37.8045796,144.9015532,3011
Steer Dining Room,Australian,298,$$ - $$$,restaurant,4.5,"15 Claremont St, Melbourne, Victoria 3141 Australia",76,-37.8375986,144.9936642,3141
Straight Outta Saigon,Vietnamese,13,$$ - $$$,restaurant,4.5,"138 Russell Street Ground level, Melbourne, Victoria 3000 Australia",337,-37.8130144,144.96839,3000
Straits Cafe Melbourne,Australian,75,$$ - $$$,restaurant,4.5,"Rendezvous Hotel Melbourne 328 Flinders St, Melbourne, Victoria 3000 Australia",262,-37.8183324,144.9635426,3000
Sud Food and Wine,Italian,56,$$ - $$$,restaurant,4.5,"219 King St, Melbourne, Victoria 3000 Australia",230,-37.8151348,144.9548228,3000
Sunda,Asian,253,$$ - $$$,restaurant,4.5,"18 Punch lane, Melbourne, Victoria 3000 Australia",111,-37.8104701,144.9711091,3000
Supernormal,Japanese,53,$$ - $$$,restaurant,4.5,"180 Flinders Lane, Melbourne, Victoria 3000 Australia",1619,-37.8159582,144.9682905,3000
Sushi Hub Swanston,Japanese,196,$,restaurant,4.5,"55 Swanston St, Melbourne, Victoria 3000 Australia",191,-37.8164,144.9666,3000
Swaad India's Zest,Indian,3,$$ - $$$,restaurant,4.5,"Shop 9 271-275 Centre Rd, Bentleigh, Glen Eira, Victoria 3204 Australia",81,-37.91759,145.032872,3204
Taxi Kitchen,Australian,76,$$ - $$$,restaurant,4.5,"Level 1, Federation Square, Flinders Street Transport Hotel, Melbourne, Victoria 3000 Australia",953,-37.8183938,144.9684217,3000
Tazio,Italian,201,$$ - $$$,restaurant,4,"91 Flinders Lane, Melbourne, Victoria 3000 Australia",291,-37.815375,144.9711894,3000
Teatro,Italian,206,$$ - $$$,restaurant,4,"Southbank Promenade Tenancy A Hamer Hall, Melbourne, Victoria 3006 Australia",510,-37.8201455,144.9679946,3006
Ten Square Cafe,Cafe,214,$$ - $$$,restaurant,5,"120 Hardware St, Melbourne, Victoria 3000 Australia",64,-37.8119726,144.9606075,3000
Terra Rossa Restaurant & Bar,Italian,137,$$ - $$$,restaurant,4,"87 Flinders Lane, Melbourne, Victoria 3000 Australia",458,-37.815427,144.971412,3000
Thai city,Thai,438,$$ - $$$,restaurant,4.5,"124 Lygon Street Carlton, Melbourne, Victoria 3000 Australia",72,-37.8041538,144.9666479,3000
The  European,European,97,$$ - $$$,restaurant,4,"161 Spring St, Melbourne, Victoria 3000 Australia",951,-37.8108981,144.9725911,3000
The Abyssinian,Ethiopian,187,$$ - $$$,restaurant,4.5,"277 Racecourse Rd, Melbourne, Victoria 3031 Australia",113,-37.7886579,144.9318266,3031
The Atlantic Restaurant,Seafood,207,$$$$,restaurant,4,"Crown Entertainment Complex 8 Whiteman St Crown Entertainment Complex, Melbourne, Victoria 3006 Australia",1570,-37.8235301,144.9580953,3006
The Bank on Collins,Australian,98,$$ - $$$,restaurant,4,"394 Collins St, Melbourne, Victoria 3000 Australia",393,-37.81668,144.96104,3000
The Boatbuilders Yard,Australian,211,$$ - $$$,restaurant,4,"23 South Wharf Prom, Melbourne, Victoria 3006 Australia",680,-37.8241247,144.953076,3006
The Bond Store,Australian,280,$$ - $$$,restaurant,4.5,"1 Riverside Qy, Melbourne, Victoria 3006 Australia",154,-37.821825,144.9636117,3006
The Breslin Bar & Grill,Bar,179,$$ - $$$,restaurant,4,"2 Southbank Bvd, Melbourne, Victoria 3006 Australia",650,-37.8219124,144.963005,3006
The Crafty Squire,Bar,299,$$ - $$$,restaurant,4,"127 Russell St, Melbourne, Victoria 3000 Australia",363,-37.8137225,144.9682952,3000
The Crane Restaurant,Chinese,416,$$ - $$$,restaurant,4,"212 Little Bourke St, Melbourne, Victoria 3000 Australia",194,-37.8120431,144.9662818,3000
The Crux & Co,Cafe,331,$$ - $$$,restaurant,4.5,"35 Albert Rd G01, Melbourne, Victoria 3004 Australia",100,-37.8346504,144.9719727,3004
The Essence,Australian,369,$$ - $$$,restaurant,4,"Corner Exhibition & Lonsdale Streets Melbourne Marriott Hotel, Melbourne, Victoria 3000 Australia",240,-37.809947,144.9694324,3000
The Fitz Cafe & Rooftop,Australian,11,$$ - $$$,restaurant,4.5,"347 Brunswick St, Fitzroy, Yarra, Victoria 3065 Australia",257,-37.7968308,144.9784584,3065
The French Brasserie,French,19,$$$$,restaurant,4.5,"2 Malthouse Lane, Melbourne, Victoria 3000 Australia",721,-37.8154573,144.9715812,3000
The General Assembly,Bar,273,$$ - $$$,restaurant,4,"29 South Wharf Prom, Melbourne, Victoria 3006 Australia",269,-37.8242462,144.9519925,3006
The Grain Store,European,39,$$ - $$$,restaurant,4.5,"Ground Floor 517 Flinders Lane, Melbourne, Victoria 3000 Australia",1248,-37.8198335,144.9566447,3000
The Hardware Club,Italian,218,$$ - $$$,restaurant,5,"43 Hardware Lane, Melbourne, Victoria 3000 Australia",57,-37.813563,144.9611247,3000
The Hardware Societe,Australian,35,$$ - $$$,restaurant,4.5,"10 Katherine Pl, Melbourne, Victoria 3000 Australia",1879,-37.8200386,144.9566619,3000
The Hof Downtown,Bar,383,$$ - $$$,restaurant,4,"737 Bourke St Corner of Bourke and Village Street, Melbourne, Victoria 3008 Australia",160,-37.8194362,144.9492736,3008
The Irish Times Pub,Bar,353,$$ - $$$,restaurant,4,"427 Little Collins St, Melbourne, Victoria 3000 Australia",270,-37.8162582,144.960506,3000
The Jazz Corner Cafe,Cafe,203,$$ - $$$,restaurant,4,"350 William St located within The Jazz Corner Hotel - lobby cafe and mezzanine restaurant, Melbourne, Victoria 3000 Australia",305,-37.8154899,144.9717649,3000
The Kettle Black,Cafe,140,$$ - $$$,restaurant,4,"50 Albert Rd, Melbourne, Victoria 3205 Australia",450,-37.8339749,144.9710507,3205
The Lady Of St Kilda,Italian,17,$$ - $$$,restaurant,4.5,"204 Barkly St Corner Smith Street, St Kilda, Port Phillip, Victoria 3182 Australia",53,-37.8698811,144.9808615,3182
The League of Honest Coffee,Cafe,386,$$ - $$$,restaurant,4.5,"8 Exploration Lane, Melbourne, Victoria 3000 Australia",94,-37.8086754,144.9686316,3000
The Louden Kitchen & Grill,Australian,387,$$ - $$$,restaurant,4,"265 Little Bourke St, Melbourne, Victoria 3000 Australia",157,-37.81282,144.9647544,3000
The Lui Bar,Bar,113,$$$$,restaurant,4.5,"Rialto L 55 525 Collins St, Melbourne, Victoria 3000 Australia",463,-37.8182741,144.957646,3000
The Meat & Wine Co Hawthorn East,Australian,3,$$ - $$$,restaurant,4,"482 Riversdale Rd, Hawthorn, Boroondara, Victoria 3123 Australia",417,-37.8315425,145.0564223,3123
The Meat & Wine Co Southbank,Australian,112,$$ - $$$,restaurant,4,"3 Freshwater Pl 3 Queensbridge Street, Melbourne, Victoria 3006 Australia",1478,-37.821617,144.9617206,3006
The Meatball and Wine Bar,Italian,132,$$ - $$$,restaurant,4,"135 Flinders Lane, Melbourne, Victoria 3000 Australia",699,-37.8157447,144.970197,3000
The Moat,Italian,365,$$ - $$$,restaurant,4,"176 Little Lonsdale St, Melbourne, Victoria 3000 Australia",123,-37.8101458,144.9654133,3000
The Olive Tree,European,186,$$ - $$$,restaurant,4.5,"19 Park St, Melbourne, Victoria 3205 Australia",180,-37.83306,144.969898,3205
The Pancake Parlour,American,411,$$ - $$$,restaurant,4,"Centrepoint Arcade, Bourke Street Mall Centrepoint Arcade, Bourke Street Mall, Down the Escalators, Between Sportsgirl and Jetty Surf, Melbourne, Victoria 3000 Australia",323,-37.8137685,144.9644379,3000
The Point Restaurant,Australian,4,$$$$,restaurant,4.5,"Aquatic Drive Albert Park Lake, Albert Park, Port Phillip, Victoria 3206 Australia",242,-37.8402927,144.9665827,3206
The Quarter,Australian,94,$$ - $$$,restaurant,4,"27 Degraves St, Melbourne, Victoria 3000 Australia",745,-37.8170427,144.9654783,3000
The Railway Club Hotel Steakhouse,Australian,24,$$ - $$$,restaurant,4.5,"107 Raglan St Port Melbourne, Melbourne, Victoria 3207 Australia",680,-37.8337648,144.9442994,3207
The Recreation bistro x bottleshop,Australian,143,$$ - $$$,restaurant,4.5,"162-170 Queens Parade, Fitzroy North, Melbourne, Victoria 3068 Australia",109,-37.7906086,144.9852456,3068
The Sherlock Holmes,British,64,$$ - $$$,restaurant,4.5,"415 Collins St, Melbourne, Victoria 3000 Australia",344,-37.817367,144.960819,3000
The Tippler & Co,Italian,336,$$ - $$$,restaurant,4.5,"58 Wellington Pde, Melbourne, Victoria 3002 Australia",121,-37.816515,144.9882361,3002
The Vegie Bar,Vegetarian,6,$$ - $$$,restaurant,4,"380 Brunswick St, Fitzroy, Yarra, Victoria 3065 Australia",936,-37.7958451,144.9791039,3065
Thirty Eight Chairs,Italian,23,$$ - $$$,restaurant,4.5,"4A Bond St, Yarra, Victoria 3141 Australia",283,-37.8103179,145.0048449,3141
Three Bags Full Cafe,Cafe,2,$$ - $$$,restaurant,4.5,"Corner of Nicholson St and Mollison St,, Abbotsford, Yarra, Victoria 3067 Australia",230,-37.8072201,144.996426,3067
Tiamo,Italian,144,$$ - $$$,restaurant,4,"303 Lygon St Carlton, Melbourne, Victoria 3053 Australia",726,-37.7981962,144.9670955,3053
Tim Ho Wan,Chinese,323,$$ - $$$,restaurant,4,"206 Bourke St, Melbourne, Victoria 3000 Australia",361,-37.8127987,144.9669486,3000
Tipo 00,Italian,20,$$ - $$$,restaurant,4.5,"361 Little Bourke St, Melbourne, Victoria 3000 Australia",823,-37.8135791,144.9620034,3000
Tokui Sushi,Japanese,429,$,restaurant,5,"260 Lonsdale St, Melbourne, Victoria 3000 Australia",50,-37.811427,144.964379,3000
Tokyo Tina,Japanese,6,$$ - $$$,restaurant,4.5,"66A Chapel St, Windsor, Stonnington, Victoria 3181 Australia",202,-37.8554443,144.9928777,3181
Tonka,Indian,58,$$$$,restaurant,4.5,"20 Duckboard Pl, Melbourne, Victoria 3000 Australia",817,-37.8157523,144.9714018,3000
Top Paddock,Cafe,4,$$ - $$$,restaurant,4,"658 Church Street, Richmond, Yarra, Victoria Australia",692,-37.8330948,144.9962103,3121
Topolino's,Italian,12,$$ - $$$,restaurant,4,"87 Fitzroy St, St Kilda, Port Phillip, Victoria 3182 Australia",386,-37.860509,144.976646,3182
Transformer Fitzroy,Vegetarian,12,$$ - $$$,restaurant,4.5,"99 Rose Street, Fitzroy, Yarra, Victoria 3065 Australia",285,-37.7958782,144.9793319,3065
Trattoria Emilia,Italian,141,$$ - $$$,restaurant,4.5,"360 Little Collins St Little Collins Street, Melbourne, Victoria 3000 Australia",261,-37.815381,144.962684,3000
Triim Food & Drink,Cafe,259,$$ - $$$,restaurant,4,"33 Hardware Lane, Melbourne, Victoria 3000 Australia",224,-37.8138416,144.9612009,3000
Trunk,Mediterranean,129,$$ - $$$,restaurant,4,"275 Exhibition St, Melbourne, Victoria 3000 Australia",769,-37.8094242,144.9688805,3000
Tsindos-The Greeks Restaurant,Greek,88,$$ - $$$,restaurant,4,"197 Lonsdale St, Melbourne, Victoria 3000 Australia",718,-37.8112091,144.9665887,3000
Tulum Restaurant,Turkish,281,$$ - $$$,restaurant,4,"217 Carlisle Street, Balaclava Near the Balaclava train station, Melbourne, Victoria 2575 Australia",167,-37.8690662,144.9939185,2575
Two Birds One Stone,Cafe,101,$$ - $$$,restaurant,4.5,"12 Claremont St, Melbourne, Victoria 3141 Australia",366,-37.8380025,144.9940199,3141
Uncle Collins Street,Vietnamese,291,$$ - $$$,restaurant,4.5,"15 Collins St Level 1, Melbourne, Victoria 3000 Australia",81,-37.8139436,144.9734554,3000
Universal Restaurant,Italian,257,$$ - $$$,restaurant,4,"141 Lygon Street Carlton, Melbourne, Victoria 3053 Australia",363,-37.8038693,144.9661093,3053
University Cafe,Cafe,319,$$ - $$$,restaurant,4,"257 Lygon St Carlton, Melbourne, Victoria 3053 Australia",269,-37.7994848,144.9668769,3053
Vaporetto Bar & Eatery,Italian,2,$$ - $$$,restaurant,4.5,"Rear 681 Glenferrie Rd Enter via Grace St, Hawthorn, Boroondara, Victoria 3122 Australia",261,-37.8204684,145.0355892,3122
Vertue Coffee Roasters,Cafe,217,$$ - $$$,restaurant,4.5,"8 Raffa Place, Melbourne, Victoria 3053 Australia",114,-37.7977063,144.9683469,3053
Vespa Rossa,Cafe,244,$$ - $$$,restaurant,4.5,"30 Block Pl, Melbourne, Victoria 3000 Australia",122,-37.815303,144.9644096,3000
Viet Kitchen,Vietnamese,1,$,restaurant,4.5,"110 Hopkins St, Footscray, Maribyrnong, Victoria 3011 Australia",130,-37.7997947,144.9016738,3011
Vivace,Italian,1,$$ - $$$,restaurant,4.5,"317 Bay St, Brighton, Bayside, Victoria 3186 Australia",408,-37.9054128,145.0030102,3186
Vue De Monde,Australian,33,$$$$,restaurant,4.5,"525 Collins St Rialto Building 55th Floor, Melbourne, Victoria 3000 Australia",2035,-37.8185469,144.9572933,3000
Waiters Restaurant - Italian Waiters Club,Italian,183,$$ - $$$,restaurant,4,"20 Meyers Pl, Melbourne, Victoria 3000 Australia",282,-37.812087,144.972347,3000
Walkers Doughnuts,American,324,$,restaurant,4.5,"26/2 Elizabeth St, Melbourne, Victoria 3000 Australia",127,-37.8179201,144.9650879,3000
Waterfront,Japanese,99,$$$$,restaurant,4,"Southgate Avenue Shop 20/3, Melbourne, Victoria 3006 Australia",1525,-37.8204031,144.9662873,3006
White Mojo Speciality Coffee & Roaster,Cafe,318,$$ - $$$,restaurant,4,"115 Hardware St, Melbourne, Victoria 3000 Australia",203,-37.8121461,144.9605243,3000
White Rabbit,Mediterranean,3,$$ - $$$,restaurant,4,"118 Church St, Brighton, Bayside, Victoria 3186 Australia",246,-37.9154054,144.9958337,3186
Windows Restaurant,Australian,272,$$ - $$$,restaurant,4,"65 Queens Rd, Melbourne, Victoria 3004 Australia",208,-37.8500935,144.978566,3004
Yassas - The Greek Way,Greek,392,$$ - $$$,restaurant,4,"4-9/3 Southgate Ave Southgate Plaza, Melbourne, Victoria 3006 Australia",399,-37.8201046,144.9662172,3006
Yeonga Korean BBQ,Korean,344,$$ - $$$,restaurant,4.5,"1-3 Cobden St, Melbourne, Victoria 3051 Australia",76,-37.8056217,144.9569746,3051
Young and Jacksons,Bar,167,$$ - $$$,restaurant,4,"Cnr Swanston & Flinders Sts, Melbourne, Victoria 3000 Australia",366,-37.8175406,144.9674005,3000
