name,cuisinetype,rankingPosition,priceLevel,category,rating,address,numberOfReviews
1806,Contemporary,110,$$ - $$$,restaurant,4.5,"169 Exhibition St, Melbourne, Victoria 3000 Australia",259
+39 Pizzeria,Italian,48,$$ - $$$,restaurant,4.5,"362 Little Bourke St, Melbourne, Victoria 3000 Australia",1232
11 Inch Pizza,Italian,4,$,restaurant,4.5,"Shop 7A 353 Little Collins St, Melbourne, Victoria 3000 Australia",324
1932 Cafe & Restaurant,Australian,50,$$ - $$$,restaurant,4.5,"220 Collins St Manchester Unity Building, Melbourne, Victoria 3000 Australia",443
3 Brothersss Indian Restaurant,Indian,228,$$ - $$$,restaurant,5,"513 Elizabeth St Queen Victoria Market, Melbourne, Victoria 3000 Australia",41
400 Gradi,Italian,1,$$ - $$$,restaurant,4,"99 Lygon St, Brunswick West, Moreland, Victoria 3057 Australia",773
A Hereford Beefstouw,Australian,139,$$ - $$$,restaurant,4.5,"22 Duckboard Pl, Melbourne, Victoria 3000 Australia",199
A25 Pizzeria CBD,Italian,363,$$ - $$$,restaurant,4.5,"Taylors College 399 Lonsdale St, Melbourne, Victoria 3000 Australia",77
Aagaman Indian Nepalese Restaurant,Indian,262,$$ - $$$,restaurant,4.5,"271 Bay St, Melbourne, Victoria 3207 Australia",132
Abbey Road Cafe,Australian,10,$$ - $$$,restaurant,4,"129-131 Acland St, St Kilda, Port Phillip, Victoria 3182 Australia",805
Abla's,Lebanese,316,$$ - $$$,restaurant,4,"109 Elgin St, Melbourne, Victoria 3053 Australia",204
Afternoon Tea at The Hotel Windsor,Australian,41,$$$$,restaurant,4.5,"111 Spring Street The Hotel Windsor, Melbourne, Victoria 3000 Australia",1508
Agathe Patisserie,Breakfast,213,$,restaurant,4.5,"64/362 Coventry Street South Melbourne Market Stall, Melbourne, Victoria 3205 Australia",73
Aix Cafe,Cafe,358,$,restaurant,4.5,"24 Centre Pl, Melbourne, Victoria 3000 Australia",85
Amaru Melbourne Restaurant,Australian,1,$$$$,restaurant,4.5,"Shop 5 1121 High St, Armadale, Stonnington, Victoria 3143 Australia",118
American Doughnut Kitchen,Fast Food,374,$,restaurant,4.5,"Queen St, Melbourne, Victoria 3000 Australia",100
Amiconi,Italian,71,$$ - $$$,restaurant,4.5,"359 Victoria St Locality is West Melbourne, Melbourne, Victoria 3003 Australia",181
Anada,Spanish,17,$$ - $$$,restaurant,4.5,"197 Gertrude St, Fitzroy, Yarra, Victoria 3065 Australia",219
Anchovy,Asian,11,$$ - $$$,restaurant,4.5,"338 Bridge Rd, Richmond, Yarra, Victoria 3121 Australia",93
Andrew's Hamburgers,Fast Food,249,$,restaurant,4.5,"144 Bridport St, Melbourne, Victoria 3206 Australia",169
Angus & Bon,Australian,1,$$ - $$$,restaurant,4.5,"168 Greville Street, Prahran, Stonnington, Victoria 3181 Australia",168
Arbory Bar & Eatery,Australian,194,$$ - $$$,restaurant,4,"Flinders Walk, Melbourne, Victoria 3000 Australia",827
Archie's All Day,Australian,18,$$ - $$$,restaurant,4.5,"189 Gertrude St, Fitzroy, Yarra, Victoria 3065 Australia",162
Asado,Argentinian,301,$$$$,restaurant,4,"6 Riverside Quay, Melbourne, Victoria 3006 Australia",211
At Ease - Easy Thai,Thai,437,$,restaurant,4.5,"195 Lonsdale St, Melbourne, Victoria 3000 Australia",75
Atrium Bar On 35,Australian,421,$$$$,restaurant,4.5,"25 Collins St, Melbourne, Victoria 3000 Australia",83
Atta Restaurant,Indian,2,$$ - $$$,restaurant,4.5,"159-161 Victoria Ave Melbourne, Albert Park, Port Phillip, Victoria 3206 Australia",102
Attica,Australian,1,$$$$,restaurant,4.5,"74 Glen Eira Rd, Ripponlea, Port Phillip, Victoria 3185 Australia",626
Auction Rooms,Cafe,57,$$ - $$$,restaurant,4.5,"103-107 Errol St, Melbourne, Victoria 3051 Australia",432
Avatar Indian Cuisine,Indian,1,$$ - $$$,restaurant,4.5,"291 Whitehorse Rd Opposite Balwyn Park, Balwyn, Boroondara, Victoria 3103 Australia",88
Axil Coffee Roasters,Australian,150,$$ - $$$,restaurant,4.5,"322 Burwood Rd Hawthorn Not Camberwell, Melbourne, Victoria 3122 Australia",200
B'Churrasco Brazilian BBQ,Brazilian,43,$$ - $$$,restaurant,4.5,"61 A'Beckett St, Melbourne, Victoria 3000 Australia",557
Bacash Restaurant,Australian,219,$$$$,restaurant,4.5,"175 Domain Rd, Melbourne, Victoria 3141 Australia",208
Bahari the Hellenic Palate,Greek,9,$$ - $$$,restaurant,4.5,"179 Swan St, Richmond, Yarra, Victoria 3121 Australia",147
Bamboo House Chinese Restaurant,Chinese,90,$$ - $$$,restaurant,4.5,"47 Little Bourke St, Melbourne, Victoria 3000 Australia",405
Banff,Cafe,8,$,restaurant,4.5,"145 Fitzroy St, St Kilda, Port Phillip, Victoria 3182 Australia",384
Bangkok Jam,Thai,205,$$ - $$$,restaurant,4.5,"107 Little Bourke St, Melbourne, Victoria 3000 Australia",100
BangPop,Asian Fusion,119,$$ - $$$,restaurant,4,"35 South Wharf Promenade Off Dukes Walk, South Wharf, Melbourne, Victoria 3006 Australia",559
Bar Lourinha,Mediterranean,172,$$ - $$$,restaurant,4.5,"37 Little Collins St, Melbourne, Victoria 3000 Australia",284
BearBrass,Australian,252,$$ - $$$,restaurant,4,"Shop GR3A 3 Southgate Ave Southbank VIC, Melbourne, Victoria 3006 Australia",625
Becco,Italian,124,$$$$,restaurant,4.5,"11-25 Crossley St, Melbourne, Victoria 3000 Australia",378
Beer DeLuxe,Contemporary,277,$$ - $$$,restaurant,4,"Federation Square Corner Swanston and Flinders Streets, Melbourne, Victoria 3000 Australia",304
Belgian Beer Cafe,Belgian,300,$$ - $$$,restaurant,4,"5 Riverside Qy Southbank, Melbourne, Victoria 3006 Australia",256
Bella Cosi,Italian,446,$$ - $$$,restaurant,4.5,"71 Beach St, Melbourne, Victoria 3207 Australia",71
Berth,Australian,109,$$ - $$$,restaurant,4,"45 New Quay Promenade Docklands, Melbourne, Victoria 3008 Australia",568
Betty?â‚¬?s Burgers & Concrete Co,American,44,$,restaurant,4.5,"97 Elizabeth St, Melbourne, Victoria 3000 Australia",1215
Betty's Burgers,American,185,$$ - $$$,restaurant,4.5,"222 Exhibition St, Melbourne, Victoria 3000 Australia",86
Bibelot,Cafe,293,$$ - $$$,restaurant,4.5,"285-287 Coventry St, Melbourne, Victoria 3205 Australia",80
Bistro Gitan,French,2,$$ - $$$,restaurant,4.5,"52 Toorak Rd West, South Yarra, Victoria 3141 Australia",268
Bistro Guillaume,French,160,$$$$,restaurant,4,"Crown Entertainment Complex 8 Whiteman St Riverside at Crown, Southbank, Melbourne, Victoria 3006 Australia",1115
Bistro La Provence,French,6,$$ - $$$,restaurant,4.5,"234 Esplanade, Brighton, Bayside, Victoria 3186 Australia",146
Bistro Thierry,French,1,$$$$,restaurant,4.5,"511 Malvern Rd, Toorak, Stonnington, Victoria 3142 Australia",540
Bistrot d'Orsay,French,29,$$ - $$$,restaurant,4.5,"184 Collins St, Melbourne, Victoria 3000 Australia",497
Black Pearl Bar,Bar,338,$$ - $$$,restaurant,4.5,"304 Brunswick Street, Melbourne, Victoria Fitzroy Australia",68
Blondie Bar,Asian,155,$$ - $$$,restaurant,4,"Corner Sturt Street & Southbank Boulevard, Southbank Melbourne Recital Centre, Melbourne, Victoria 3006 Australia",258
Blue Chillies,Malaysian,16,$$ - $$$,restaurant,4.5,"182 Brunswick St, Fitzroy, Yarra, Victoria 3065 Australia",145
Bluetrain,Contemporary,268,$$ - $$$,restaurant,3.5,"Southgate Complex, Upper Level, Melbourne, Victoria 3006 Australia",667
Bomba,Spanish,65,$$ - $$$,restaurant,4.5,"103 Lonsdale St, Melbourne, Victoria 3000 Australia",457
Boosa,Middle Eastern,2,$$ - $$$,restaurant,4.5,"716 Centre Rd, Bentleigh, Glen Eira, Victoria 3165 Australia",97
"Borsch, Vodka & Tears",Polish,5,$$ - $$$,restaurant,4,"173 Chapel St, Windsor, Stonnington, Victoria 3181 Australia",236
Bottega,Italian,96,$$$$,restaurant,4,"74 Bourke St, Melbourne, Victoria 3000 Australia",405
Bouzy Rouge,Spanish,2,$$ - $$$,restaurant,4.5,"470 Bridge Rd, Richmond, Yarra, Victoria 3121 Australia",358
Bowery to Williamsburg,American,55,$$ - $$$,restaurant,4.5,"16 Oliver Lane, Melbourne, Victoria 3000 Australia",322
Box Seafood Restaurant,Contemporary,168,$$$$,restaurant,4,"189 Collins St, Melbourne, Victoria 3000 Australia",416
Bratwurst Shop & Co,German,388,$,restaurant,4.5,"Therry St. Queen Victoria Market Shop 99-100, Melbourne, Victoria 3000 Australia",73
Brick Lane Melbourne,Cafe,14,$$ - $$$,restaurant,4.5,"33 Guildford Lane, Melbourne, Victoria 3000 Australia",208
Brighton Soul,Australian,5,$,restaurant,4.5,"129 Church Street, Brighton, Bayside, Victoria 3186 Australia",131
Brother Baba Budan,Cafe,30,$,restaurant,4.5,"359 Little Bourke St Cbd, Melbourne, Victoria 3000 Australia",440
Brunetti Classico - Carlton,Italian,79,$$ - $$$,restaurant,4.5,"380 Lygon St 380 Lygon St, Carlton Vic, Melbourne, Victoria 3053 Australia",3247
Brunetti Oro Flinders Lane,Italian,176,$$ - $$$,restaurant,4,"250 Flinders Ln, Melbourne, Victoria 3000 Australia",332
Byblos Bar & Restaurant,Middle Eastern,191,$$ - $$$,restaurant,4,"12 World Trade Centre, Melbourne, Victoria 3005 Australia",314
Ca de Vin,Italian,136,$$ - $$$,restaurant,4,"350 Bourke St Melbourne GPO, Melbourne, Victoria 3000 Australia",523
Cafe Andiamo,Italian,226,$$ - $$$,restaurant,4,"36-38 Degraves Lane, Melbourne, Victoria 3000 Australia",553
Cafe Cavallino,Italian,410,$$ - $$$,restaurant,4,"181-183 Lygon Street, Melbourne, Victoria Australia",260
Cafe Excello,Cafe,193,$$ - $$$,restaurant,4,"99 Spring St, Melbourne, Victoria 3000 Australia",220
Cafe Issus,Australian,339,$$ - $$$,restaurant,4,"8-10 Centre Pl, Melbourne, Victoria 3000 Australia",264
Cafe Keyif,Cafe,343,$$ - $$$,restaurant,4.5,"U 1 550 Flinders St Entry Through Downie Street, Melbourne, Victoria 3000 Australia",138
Cafe Rosco,Irish,130,$$ - $$$,restaurant,4.5,"407D St Kilda Rd, Melbourne, Victoria 3004 Australia",232
Cafe Segovia,Cafe,308,$$ - $$$,restaurant,4,"33 Block Place, Melbourne, Victoria 3000 Australia",297
Caffe e Cucina,Italian,147,$$ - $$$,restaurant,4,"581 Chapel St South Yarra, Melbourne, Victoria 3141 Australia",490
Caffe e Torta,Italian,232,$$ - $$$,restaurant,4,"314 Little Collins St, Melbourne, Victoria 3000 Australia",289
Cargo Restaurant,International,86,$$ - $$$,restaurant,4.5,"Docklands Melbourne, Melbourne, Victoria 3008 Australia",696
Carlton Curry House,Indian,400,$$ - $$$,restaurant,4.5,"108 Lygon St, Melbourne, Victoria 3053 Australia",204
Carlton Wine Room,European,142,$$ - $$$,restaurant,4.5,"172-174 Faraday Street Carlton, Melbourne, Victoria Australia",205
Carosello,Italian,2,$$ - $$$,restaurant,4.5,"22 Margaret St, Moonee Ponds, Moonee Valley, Victoria 3039 Australia",88
Caterina's Cucina E Bar,International,85,$$ - $$$,restaurant,5,"221 Queen St, Melbourne, Victoria 3000 Australia",111
Cecconi's Flinders Lane,Italian,80,$$$$,restaurant,4.5,"61 Flinders Lane, Melbourne, Victoria 3000 Australia",539
Centonove,Italian,1,$$$$,restaurant,4.5,"109 Cotham Rd, Kew, Boroondara, Victoria 3101 Australia",252
Cherry & Twigs,Cafe,233,$,restaurant,4.5,"Shop 1B 555 Flinders Lane, Melbourne, Victoria 3000 Australia",135
Chez Dre Cafe,Cafe,229,$$ - $$$,restaurant,4,"Rear of 285/287 Coventry St Access Via Alleyway, Melbourne, Victoria 3205 Australia",386
Chez Olivier,French,1,$$ - $$$,restaurant,4.5,"268 Toorak Rd, South Yarra, Victoria 3141 Australia",356
Chiba Japanese Restaurant,Japanese,4,$$ - $$$,restaurant,4.5,"41 Hall St, Moonee Ponds, Moonee Valley, Victoria 3039 Australia",185
Chin Chin,Thai,162,$$ - $$$,restaurant,4.5,"125 Flinders Lane, Melbourne, Victoria 3000 Australia",6029
China Red,Chinese,181,$$ - $$$,restaurant,4,"Shop 6 206 Bourke St, Melbourne, Victoria 3000 Australia",353
Chinta Ria Soul,Malaysian,18,$$ - $$$,restaurant,4,"94 Acland St, St Kilda, Port Phillip, Victoria 3182 Australia",247
Chocolate Buddha,Korean,32,$$ - $$$,restaurant,4.5,"Cnr. Flinders & Swanston Street Federation Square, Melbourne, Victoria 3000 Australia",717
Chokolait Hub,Cafe,106,$$ - $$$,restaurant,4.5,"287 Lonsdale St Shop 342, Level 3, Emporium, Melbourne, Victoria 3000 Australia",410
Chuckle Park Bar,Bar,188,$$ - $$$,restaurant,4.5,"322 Little Collins St, Melbourne, Victoria 3000 Australia",157
Ciao Cielo,Italian,159,$$ - $$$,restaurant,4.5,"115 Bay St, Melbourne, Victoria 3207 Australia",268
Cicciolina,Italian,62,$$ - $$$,restaurant,4.5,"130 Acland St, Melbourne, Victoria 3182 Australia",375
City Wine Shop,European,212,$$ - $$$,restaurant,4.5,"159 Spring St, Melbourne, Victoria 3000 Australia",255
Claypots Barbarossa,Mediterranean,237,$$ - $$$,restaurant,4.5,"79 Hardware Lane Melbourne CBD, Melbourne, Victoria 3000 Australia",190
Claypots Evening Star,Mediterranean,372,$$ - $$$,restaurant,4.5,"Corner Cecil and York Streets South Melbourne Market, Melbourne, Victoria 3205 Australia",137
Claypots Seafood Bar,Australian,4,$$ - $$$,restaurant,4.5,"213 Barkly St, St Kilda, Port Phillip, Victoria 3182 Australia",525
Cochin Wine Bar & Restaurant,Asian,10,$$ - $$$,restaurant,4.5,"256 Swan St, Richmond, Yarra, Victoria 3121 Australia",118
Coda,Contemporary,49,$$$$,restaurant,4.5,"141 Flinders Lane, Melbourne, Victoria 3000 Australia",1150
Code Black,Cafe,3,$$ - $$$,restaurant,4.5,"15-17 Weston St, Brunswick, Moreland, Victoria 3056 Australia",187
Collins Kitchen,Australian,357,$$$$,restaurant,4,"123 Collins St, Melbourne, Victoria 3000 Australia",273
Conservatory,Asian,108,$$$$,restaurant,4,"Crown Entertainment Complex 8 Whiteman St 8 Whiteman St, Southbank, Melbourne, Victoria 3006 Australia",1129
Cookie,Asian,95,$$ - $$$,restaurant,4,"U 1 252 Swanston St Level 1, 252 Swanston St, Melbourne, Victoria 3000 Australia",1050
Corner & Bench,Cafe,346,$,restaurant,4.5,"408 Bourke St, Melbourne, Victoria 3000 Australia",86
Cornish Arms Hotel,Bar,4,$$ - $$$,restaurant,4,"163A Sydney Rd, Brunswick, Moreland, Victoria 3056 Australia",184
Crossways Restaurant,Indian,297,$,restaurant,4.5,"309-325 Bourke St, Melbourne, Victoria 3000 Australia",104
Cucinetta,Italian,10,$$ - $$$,restaurant,4.5,"U 4 3 Murphy St South Yarra, Melbourne, Victoria 3141 Australia",401
Cumulus Inc.,European,59,$$ - $$$,restaurant,4.5,"45 Flinders La, Melbourne, Victoria 3000 Australia",2123
Curry Vault Indian Restaurant and Bar,Indian,334,$$ - $$$,restaurant,4,"18-20 Bank Pl, Melbourne, Victoria 3000 Australia",300
D.O.C,Italian,356,$$ - $$$,restaurant,4,"326 Lygon St Carlton, Melbourne, Victoria 3053 Australia",262
Da Guido 365,Italian,7,$$ - $$$,restaurant,4.5,"365 Little Collins St, Melbourne, Victoria 3000 Australia",524
Da Guido La Pasta,Mediterranean,2,$$ - $$$,restaurant,4.5,"130 Lygon St Carlton, Melbourne, Victoria 3053 Australia",1095
Da Noi,Mediterranean,270,$$$$,restaurant,4,"95 Toorak Rd South Yarra, Melbourne, Victoria 3141 Australia",274
Daughter in Law,Indian,404,$$ - $$$,restaurant,4,"37 Little Bourke St Ground Floor, Melbourne, Victoria 3000 Australia",113
David's Master Pot (Elizabeth St - CBD),Chinese,21,$$ - $$$,restaurant,5,"462 Elizabeth St, Melbourne, Victoria 3000 Australia",140
Delhi Streets Indian Street Food,Indian,37,$,restaurant,4.5,"22 Katherine Pl, Melbourne, Victoria 3000 Australia",262
Dip In Cafe,Cafe,314,$$ - $$$,restaurant,4.5,"20-22 McKillop St, Melbourne, Victoria 3000 Australia",100
Dish & Spoon,Australian,2,$$ - $$$,restaurant,4.5,"122 Highfield Rd, Camberwell, Victoria 3124 Australia",72
DOC Pizza & Mozzarella Bar,Italian,91,$$ - $$$,restaurant,4.5,"295 Drummond St, Melbourne, Victoria 3053 Australia",672
Dock 37 Bar and Kitchen,,337,$$ - $$$,restaurant,4,"2 Convention Centre Pl South Wharf, Melbourne, Victoria 3006 Australia",177
DoDee Paidang Thai Bar and Cafe,,117,$,restaurant,4.5,"353 Little Collins St, Melbourne, Victoria 3000 Australia",185
Don Don Japanese,,274,$,restaurant,4,"198 Little Lonsdale St, Melbourne, Victoria 3000 Australia",241
Donnini's Restaurant,,152,$$ - $$$,restaurant,4.5,"320 Lygon St Carlton, Melbourne, Victoria 3053 Australia",297
Donovans,Contemporary,1,$$$$,restaurant,4.5,"40 Jacka Boulevard, St Kilda, Port Phillip, Victoria 3182 Australia",1022
Dukes Coffee Roasters,,89,$,restaurant,4.5,"247 Flinders Lane, Melbourne, Victoria 3000 Australia",182
Dumplings Plus,,381,$,restaurant,4,"269 Swanston St, Melbourne, Victoria 3000 Australia",264
Dunyazad,,235,$$ - $$$,restaurant,4.5,"329 Doncaster Rd, Balwyn North, Boorandara, Melbourne, Victoria VIC 3104 Australia",171
Eau De Vie,Bar,15,$$ - $$$,restaurant,4.5,"1 Malthouse Lane, Melbourne, Victoria 3000 Australia",814
Ecco,,335,$$ - $$$,restaurant,4,"97 Toorak Rd, Melbourne, Victoria 3141 Australia",157
Elephant and Wheelbarrow,,327,$$ - $$$,restaurant,3.5,"94-96 Bourke St, Melbourne, Victoria 3000 Australia",582
Eliana Lulu,,287,$$ - $$$,restaurant,4,"7-9 Centre Pl, Melbourne, Victoria 3000 Australia",166
Embla,Australian,70,$$ - $$$,restaurant,4.5,"122 Russell St, Melbourne, Victoria 3000 Australia",266
Encore Bar and Restaurant,,210,$$ - $$$,restaurant,4.5,"131 Lonsdale St, Melbourne, Victoria 3000 Australia",135
Epocha,European,128,$$$$,restaurant,4.5,"49 Rathdowne St Carlton South, Melbourne, Victoria 3053 Australia",254
Esca Grill,,1,$$$$,restaurant,4.5,"650 Mt Alexander Rd, Moonee Ponds, Moonee Valley, Victoria 3039 Australia",345
Estelle,,1,$$$$,restaurant,4.5,"243 High St, Northcote, Victoria 3070 Australia",395
Eureka 89,,190,$$$$,restaurant,4.5,"7 Riverside Quay Level 89, Eureka Tower, Melbourne, Victoria 3006 Australia",264
Fifteen Pounds Cafe,,1,$$ - $$$,restaurant,4.5,"21 Railway Place, Fairfield, Yarra, Victoria 3078 Australia",84
Fiorelli,,1,$$ - $$$,restaurant,4.5,"209 Camberwell Road, Camberwell, Victoria 3124 Australia",213
Fitzrovia,,3,$$ - $$$,restaurant,4.5,"155 Fitzroy St, St Kilda, Port Phillip, Victoria 3182 Australia",732
Flora Indian Restaurant,,385,$,restaurant,4,"238A Flinders St, Melbourne, Victoria 3000 Australia",235
Flower Drum,Chinese,42,$$$$,restaurant,4.5,"17 Market Lane, Melbourne, Victoria 3000 Australia",1367
Foglia di Fico,Italian,3,$$ - $$$,restaurant,5,"585 La Trobe St (Spencer St entrance), Melbourne, Victoria 3000 Australia",202
Fonda Mexican,,349,$$ - $$$,restaurant,4,"31 Flinders Lane, Melbourne, Victoria 3000 Australia",312
France Soir,,154,$$$$,restaurant,4,"11 Toorak Rd South Yarra, Melbourne, Victoria 3141 Australia",654
Franco-Belge,,377,$$ - $$$,restaurant,4.5,"9 Evans Place, Hawthorn East, Melbourne, Victoria 3123 Australia",74
French Saloon,,370,$$$$,restaurant,4.5,"46 Hardware Lane First Floor, Melbourne, Victoria 3000 Australia",92
Galleon Cafe,,5,$$ - $$$,restaurant,4.5,"9 Carlisle St, St Kilda, Port Phillip, Victoria 3182 Australia",260
Ganache Chocolate,Cafe,87,$$ - $$$,restaurant,4.5,"245 Collins St, Melbourne, Victoria 3000 Australia",260
Garden State Hotel,,345,$$ - $$$,restaurant,4,"101 Flinders Lane, Melbourne, Victoria 3000 Australia",299
George Street Cafe,,332,$$ - $$$,restaurant,4.5,"65 George St, Melbourne, Victoria 3002 Australia",66
Geppetto Trattoria,Italian,5,$$ - $$$,restaurant,4.5,"78A Wellington Pde, Melbourne, Victoria 3002 Australia",439
Gimlet At Cavendish House,,208,$$$$,restaurant,4.5,"33 Russell St, Melbourne, Victoria 3000 Australia",104
Gin Palace,,156,$$ - $$$,restaurant,4.5,"10 Russell Pl, Melbourne, Victoria 3000 Australia",274
Ginger Olive Restaurant and Grill,,164,$$ - $$$,restaurant,5,"U 2 38 Manchester Lane Corner Manchester Lane and Flinders Lane, Melbourne, Victoria 3000 Australia",80
Gingerboy,Asian Fusion,77,$$ - $$$,restaurant,4.5,"27-29 Crossley St, Melbourne, Victoria 3000 Australia",990
Ginza Teppanyaki,,380,$$ - $$$,restaurant,4,"139 Little Bourke St, Melbourne, Victoria 3000 Australia",229
Giro d'Italia,,74,$$ - $$$,restaurant,5,"401 Saint Kida Road, Melbourne, Victoria 3000 Australia",84
Gopal's Vegetarian,,242,$,restaurant,4.5,"139 Swanston St, Melbourne, Victoria 3000 Australia",170
Gordon's Cafe & Bar,,292,$$ - $$$,restaurant,4,"306 Little Collins St Shop 4, Melbourne, Victoria 3000 Australia",147
Gourmet Curry Hut,,247,$$ - $$$,restaurant,4.5,"318 Hub Arcade Little Collins Street, Melbourne, Victoria 3000 Australia",175
Gradi Crown,,246,$$ - $$$,restaurant,4,"Crown Entertainment Complex 8 Whiteman St Shop 25, Melbourne, Victoria 3006 Australia",1093
Grand Trailer Park Taverna,American,82,$$ - $$$,restaurant,4.5,"87 Bourke St, Melbourne, Victoria 3000 Australia",296
Grill Steak Seafood,Australian,68,$$ - $$$,restaurant,4.5,"68 - 78 Hardware Lane, Melbourne, Victoria 3000 Australia",1479
Grill'd Degraves St,,263,$,restaurant,4,"15 Degraves St, Melbourne, Victoria 3000 Australia",219
Grill'd QV,,309,$$ - $$$,restaurant,4,"Level 2, Queen Victoria Square, Melbourne, Victoria 3000 Australia",235
GRK Greek Kitchen & Bar,,1,$$ - $$$,restaurant,4.5,"845/847 High St, Thornbury, Darebin, Victoria 3071 Australia",115
Grossi  Florentino,Italian,133,$$$$,restaurant,4,"80 Bourke St, Melbourne, Victoria 3000 Australia",1262
Hakata Gensuke Ramen,Japanese,54,$,restaurant,4.5,"168 Russell St, Melbourne, Victoria 3000 Australia",369
Half Moon Cafe,,1,$,restaurant,5,"13 Victoria St Shop 13, Coburg, Moreland, Victoria 3058 Australia",65
Hanoi Mee Kitchen & Bar,,184,$$ - $$$,restaurant,4.5,"140 Rouse St Port Melbourne, Melbourne, Victoria 3207 Australia",112
Hawker Boys,,399,$,restaurant,4.5,"85 Hardware Lane, Melbourne, Victoria 3000 Australia",70
Hawker Hall,,4,$$ - $$$,restaurant,4,"98 Chapel St, Windsor, Stonnington, Victoria 3181 Australia",506
Higher Ground,,134,$$ - $$$,restaurant,4,"650 Little Bourke St, Melbourne, Victoria 3000 Australia",713
Hochi Mama,Asian Fusion,17,$$ - $$$,restaurant,4.5,"35 Little Bourke St, Melbourne, Victoria 3000 Australia",1469
Hofbrauhaus,,126,$$ - $$$,restaurant,4,"18-26 Market Lane In the heart of Chinatown, Melbourne, Victoria 3000 Australia",475
Hooks At The Yarra,,390,$$ - $$$,restaurant,4.5,"Yarra's Edge 50 River Esp Docklands, Melbourne, Victoria 3008 Australia",130
Hopetoun Tea Rooms est. 1892,Breakfast,26,$$ - $$$,restaurant,4.5,"421 Bourke St Hopetoun Tea Rooms, Melbourne, Victoria 3000 Australia",2311
Hophaus Bar,,251,$$ - $$$,restaurant,4,"Southgate Ave Shop MR5, Mid-Level, Southbank Promenade, Melbourne, Victoria 3006 Australia",471
Hopscotch,,288,$$ - $$$,restaurant,3.5,"Ground Floor, 4 Riverside Quay Southbank, Melbourne, Victoria 3006 Australia",589
Hot Poppy,,364,$$ - $$$,restaurant,4.5,"9 Errol St, Melbourne, Victoria 3051 Australia",74
HQ's On William,International,122,$$ - $$$,restaurant,4.5,"380 William St Radisson on Flagstaff Gardens, Melbourne, Victoria 3000 Australia",306
Humble Rays,,267,$$ - $$$,restaurant,4.5,"71 Bouverie St Carlton, Melbourne, Victoria 3053 Australia",88
Hunky Dory,,240,$,restaurant,4.5,"670 Chapel Street Shop 17, Melbourne, Victoria 3205 Australia",245
Hurricane Handsome,,341,$$ - $$$,restaurant,4.5,"329-331 Bay St, Melbourne, Victoria 3207 Australia",89
Hutong Dumpling Bar,,153,$$ - $$$,restaurant,4,"14-16 Market Lane, Melbourne, Victoria 3000 Australia",766
Ides,,170,$$$$,restaurant,4.5,"92 Smith St, Melbourne, Victoria 3066 Australia",129
Il Bacaro Cucina e Bar,Italian,12,$$$$,restaurant,4.5,"68-170 Little Collins St 168-170 Little Collins St, Melbourne, Victoria 3000 Australia",504
IL Dolce Freddo,,146,$,restaurant,4.5,"116 Lygon Street, Carlton, Melbourne, Victoria 3053 Australia",175
Il Duca,,157,$$ - $$$,restaurant,4.5,"132 Wellington Pde, Melbourne, Victoria 3002 Australia",242
Il Gambero,,303,$$ - $$$,restaurant,4,"166 Lygon St Carlton, Melbourne, Victoria 3053 Australia",322
Il Solito Posto,Italian,23,$$ - $$$,restaurant,4.5,"113 Collins St via George Parade, Melbourne, Victoria 3000 Australia",989
Indian Palace Restaurant,,4,$$ - $$$,restaurant,4.5,"131 Church St, Brighton, Bayside, Victoria 3186 Australia",153
Isan Soul Thai Street Food,,265,$$ - $$$,restaurant,4.5,"98 Bourke St, Melbourne, Victoria 3000 Australia",89
Ish Restaurant,,15,$$ - $$$,restaurant,5,"199 Gertrude St, Fitzroy, Yarra, Victoria 3065 Australia",62
Izakaya Den,,173,$$ - $$$,restaurant,4.5,"Basement 118 Russell St, Melbourne, Victoria 3000 Australia",258
Japanese Teppanyaki Inn,Japanese,107,$$$$,restaurant,4.5,"182 Collins St, Melbourne, Victoria 3000 Australia",219
Jim's Greek Tavern,,5,$$ - $$$,restaurant,4,"32 Johnston St, Collingwood, Yarra, Victoria 3066 Australia",457
Jinda Thai,,1,$$ - $$$,restaurant,4.5,"3-7 Ferguson St, Abbotsford, Yarra, Victoria 3067 Australia",328
Journeyman,,3,$$ - $$$,restaurant,4.5,"169 Chapel St, Windsor, Stonnington, Victoria 3181 Australia",203
Juicy Bao,,123,$,restaurant,4.5,"178-190 Little Bourke St Shop 2, Melbourne, Victoria 3000 Australia",365
Jungle Juice Bar,,393,$,restaurant,4.5,"20 Centre Pl, Melbourne, Victoria 3000 Australia",78
Kazuki's,Contemporary,9,$$$$,restaurant,4.5,"121 Lygon St Carlton, Melbourne, Victoria 3053 Australia",500
Kekou,,7,$$ - $$$,restaurant,5,"396 Bridge Road, Richmond, Yarra, Victoria 3121 Australia",64
Kenzan Japanese Restaurant,Japanese,105,$$ - $$$,restaurant,4.5,"56 Flinders Lane At Collins Place, Melbourne, Victoria 3000 Australia",278
Khao San Road,,5,$$ - $$$,restaurant,4.5,"696 Mt Alexander Rd, Moonee Ponds, Moonee Valley, Victoria 3039 Australia",114
Kirks Wine Bar,,243,$$ - $$$,restaurant,4,"Cnr Hardware Lane and Little Bourke, Melbourne, Victoria 3000 Australia",217
Kisume,,234,$$$$,restaurant,4,"175 Flinders Lane, Melbourne, Victoria 3000 Australia",399
Kiwi Fish & Chips,,382,$$ - $$$,restaurant,4.5,"412-422 Victoria Pde Shop 9B, Melbourne, Victoria 3002 Australia",89
Koko Black,,312,$$ - $$$,restaurant,4.5,"167 Lygon St, Melbourne, Victoria 3053 Australia",187
Koko Black Chocolate,Cafe,38,$$ - $$$,restaurant,4.5,"52 Collins St, Melbourne, Victoria 3000 Australia",558
Koko Japanese Restaurant,,241,$$$$,restaurant,4,"Crown Entertainment Complex 8 Whiteman St 8 Whiteman St, Southbank, Melbourne, Victoria 3006 Australia",323
Kri Kri,,333,$$ - $$$,restaurant,4,"39-41 Little Bourke St, Melbourne, Victoria 3000 Australia",370
L'Hotel Gitan,,2,$$ - $$$,restaurant,4,"32 Commercial Rd, Prahran, Stonnington, Victoria 3181 Australia",256
La Belle Miette,,239,$$ - $$$,restaurant,4.5,"8 Collins St, Melbourne, Victoria 3000 Australia",121
La Camera Restaurant Southgate,Italian,145,$$ - $$$,restaurant,4,"Shop MR2, Mid-level, Southgate Southbank, Melbourne, Victoria 3006 Australia",1148
La Cucina Di Sandra,,5,$$ - $$$,restaurant,5,"62 Lyndhurst St Warehouse 62, Richmond, Yarra, Victoria 3121 Australia",73
La Luna Bistro,Australian,69,$$ - $$$,restaurant,4.5,"320 Rathdowne St Carlton, North, Melbourne, Victoria 3054 Australia",384
La Petite Creperie,,294,$,restaurant,4.5,"125 Swanston St Opposite Melbourne Town Hall, Melbourne, Victoria Australia",155
La Roche,,13,$$ - $$$,restaurant,4.5,"185 Acland St, St Kilda, Port Phillip, Victoria 3182 Australia",325
La Spaghettata,,163,$$ - $$$,restaurant,4,"238 Lygon St, Melbourne, Victoria 3053 Australia",536
Laksa King,Malaysian,61,$,restaurant,4.5,"6-12 Pin Oak Cres Flemington, Melbourne, Victoria 3031 Australia",557
Lamaro's Hotel,,328,$$ - $$$,restaurant,4,"273 Cecil St, Melbourne, Victoria 3205 Australia",194
Laurent Bakery,,311,$$ - $$$,restaurant,4,"306 Little Collins St, Melbourne, Victoria 3000 Australia",352
Le Bon Ton,,3,$$ - $$$,restaurant,4,"51 Gipps St, Collingwood, Yarra, Victoria 3066 Australia",306
Le Petit Gateau,,315,$$ - $$$,restaurant,4.5,"458 Little Collins St, Melbourne, Victoria 3000 Australia",76
Le Petite Bourke,,275,$$ - $$$,restaurant,4.5,"24 Little Bourke St, Melbourne, Victoria 3000 Australia",130
Lee Ho Fook,,202,$$ - $$$,restaurant,4.5,"11-15 Duckboard Pl, Melbourne, Victoria 3000 Australia",200
Left Bank Melbourne,,368,$$ - $$$,restaurant,3.5,"1 Southbank Boulevard, Melbourne, Victoria 3006 Australia",841
Lemnos Tavern,,4,$$ - $$$,restaurant,4.5,"445 High St, Prahran, Stonnington, Victoria 3181 Australia",113
Lentil As Anything St Kilda,,14,$,restaurant,4.5,"41 Blessington St, St Kilda, Port Phillip, Victoria 3182 Australia",219
Lindt Chocolate Cafe Southgate Melbourne,,282,$$ - $$$,restaurant,4,"Shop G09, 3 Southgate Avenue Southgate Retail Precinct, Melbourne, Victoria 3006 Australia",208
Little Africa,,362,$$ - $$$,restaurant,4.5,"358 Victoria St, Melbourne, Victoria 3051 Australia",58
Little Billy,,258,$$ - $$$,restaurant,4,"Shop W2 195 William St, Melbourne, Victoria 3000 Australia",162
Little Black Pig & Sons,,1,$$ - $$$,restaurant,4.5,"48 Burgundy St, Heidelberg, Banyule, Victoria 3084 Australia",196
Little Cupcakes,,398,$,restaurant,4.5,"Shop 6/181 William St, Goldsborough Lane, Melbourne, Victoria 3000 Australia",127
Little Ramen Bar,,236,$,restaurant,4,"369 Little Collins St, Melbourne, Victoria 3000 Australia",173
Little Tommy Tucker Cafe,,4,$$ - $$$,restaurant,4.5,"432 Centre Rd, Bentleigh, Glen Eira, Victoria 3204 Australia",153
Little Vietnam 504,,1,$$ - $$$,restaurant,4.5,"504 Hampton St, Hampton, Bayside, Victoria 3188 Australia",145
Locanda Restaurant & Public Bar,,317,$$ - $$$,restaurant,4,"186 Exhibition St, Melbourne, Victoria 3000 Australia",369
Lolo and Wren,,436,$$ - $$$,restaurant,4.5,"484 Albion St West Brunswick, Melbourne, Victoria Australia",84
Longrain,Asian,28,$$ - $$$,restaurant,4.5,"44 Little Bourke St, Melbourne, Victoria 3000 Australia",1172
Lord Cardigan,,278,$$ - $$$,restaurant,4.5,"59 Cardigan Pl, Melbourne, Victoria 3206 Australia",114
Lucy Liu Kitchen and Bar,Asian,67,$$ - $$$,restaurant,4.5,"23 Oliver Lane, Melbourne, Victoria 3000 Australia",1195
Ludlow Bar & Dining Room,,322,$$ - $$$,restaurant,3.5,"6 Riverside Qy, Melbourne, Victoria 3006 Australia",702
Lune Croissanterie,,221,$,restaurant,4.5,"161 Collins St Shop 16, Enter via Russell Street, Melbourne, Victoria 3000 Australia",156
Lupino Bistro and Bar,Italian,16,$$ - $$$,restaurant,4.5,"41 Little Collins St, Melbourne, Victoria 3000 Australia",416
Maccaroni Trattoria Italiana,,286,$$ - $$$,restaurant,4,"10-16 Manchester Lane, Melbourne, Victoria 3000 Australia",408
Madame Brussels,,114,$$ - $$$,restaurant,4,"59-63 Bourke St Level 3, Above Spaghetti Tree Restaurant!, Melbourne, Victoria 3000 Australia",461
Magic Mountain Saloon,Asian Fusion,148,$$ - $$$,restaurant,4,"62 Little Collins St, Melbourne, Victoria 3000 Australia",289
Maha,,45,$$$$,restaurant,4.5,"21 Bond St, Melbourne, Victoria 3000 Australia",1702
Mahn Doo,,169,$$ - $$$,restaurant,4.5,"365 La Trobe St, Melbourne, Victoria 3000 Australia",119
Mamak,Malaysian,116,$,restaurant,4,"366 Lonsdale St, Melbourne, Victoria 3000 Australia",514
Mamasita,Mexican,135,$$ - $$$,restaurant,4,"11 Collins St, Melbourne, Victoria 3000 Australia",1307
Manchester Press,Australian,84,$$ - $$$,restaurant,4.5,"8 Rankins Lane, Melbourne, Victoria 3000 Australia",500
Marion Wine Bar,,8,$$ - $$$,restaurant,4.5,"53 Gertrude St, Fitzroy, Yarra, Victoria 3065 Australia",145
Marios Cafe,,19,$$ - $$$,restaurant,4,"303 Brunswick St, Fitzroy, Yarra, Victoria 3065 Australia",225
Massi,,320,$$ - $$$,restaurant,4.5,"445 Little Collins St, Melbourne, Victoria 3000 Australia",83
Matteo's,,1,$$$$,restaurant,4.5,"533 Brunswick St Melbourne, North Fitzroy, Yarra, Victoria 3068 Australia",378
Max Bar Restaurant,Italian,63,$$ - $$$,restaurant,4,"54 - 58 Hardware Lane, Melbourne, Victoria 3000 Australia",1405
Meatmaiden,,204,$$ - $$$,restaurant,4,"195 Little Collins St Basement, Melbourne, Victoria 3000 Australia",344
Mediterraneo Charcoal Restaurant,,3,$$ - $$$,restaurant,4.5,"116 Bridport St, Albert Park, Port Phillip, Victoria 3206 Australia",171
Melba Restaurant,Indian,125,$$$$,restaurant,4,"1 Southgate Ave The Langham, Southbank, Melbourne, Victoria 3006 Australia",1306
Melbourne Hwaro Korean Barbecue,,285,$$ - $$$,restaurant,4,"Level Ground 562 Little Bourke St, Melbourne, Victoria 3000 Australia",141
Mercadante Woodfired Pizzeria,,175,$$ - $$$,restaurant,4.5,"Shop 123, Lygon St Carlton, Melbourne, Victoria 3053 Australia",365
Merchant,,182,$$ - $$$,restaurant,4,"495 Collins St, Melbourne, Victoria 3000 Australia",331
Mesh - Crown Promenade,,378,$$ - $$$,restaurant,4,"8 Whiteman Street, Southbank 8 Whiteman St, Southbank, Melbourne, Victoria 3006 Australia",432
Metro Burger,,100,$,restaurant,4.5,"12 Degraves St, Melbourne, Victoria 3000 Australia",146
Mezzo,,225,$$ - $$$,restaurant,4,"35 Little Bourke St, Melbourne, Victoria 3000 Australia",324
Milk the Cow,Bar,2,$$ - $$$,restaurant,4.5,"U 1 157 Fitzroy St, St Kilda, Port Phillip, Victoria 3182 Australia",338
Milk the Cow,,161,$$ - $$$,restaurant,4.5,"323 Lygon St, Melbourne, Victoria 3053 Australia",152
Mister and Miss Cafe,,1,$$ - $$$,restaurant,4,"Mont Albert Victoria 711-713 Whitehorse Rd, Mont Albert, Whitehorse, Victoria 3127 Australia",199
Mister Bianco,,3,$$ - $$$,restaurant,4,"285 High St, Kew, Boroondara, Victoria 3101 Australia",214
Mitre Tavern Steakhouse & Grill,,151,$$ - $$$,restaurant,4,"5 Bank Pl Level 1, Melbourne, Victoria 3000 Australia",424
Miyako Japanese Cuisine & Teppanyaki,,250,$$ - $$$,restaurant,4,"3 Southgate Ave Upper Level, Shop UR2, Southgate Arts & Leisure Precinct, Melbourne, Victoria 3006 Australia",323
Mjolner,,195,$$$$,restaurant,4.5,"106 Hardware St, Melbourne, Victoria 3000 Australia",136
Moroccan Soup Bar,,2,$,restaurant,4.5,"183 St Georges Rd, North Fitzroy, Yarra, Victoria 3068 Australia",218
MoVida Aqui,Spanish,81,$$ - $$$,restaurant,4.5,"Nab Building, 1 500 Bourke St NAB Building, Melbourne, Victoria 3000 Australia",752
Movida Bar de Tapas,Mediterranean,72,$$ - $$$,restaurant,4.5,"1 Hosier Lane, Melbourne, Victoria 3000 Australia",2760
MoVida Next Door,Spanish,73,$$ - $$$,restaurant,4.5,"164 Flinders St, Melbourne, Victoria 3000 Australia",528
Mr Huang Jin,,227,$$ - $$$,restaurant,4.5,"24 Katherine Pl Plaza Level, Rialto Towers, Melbourne, Victoria 3000 Australia",96
Mr. Hive,,289,$$ - $$$,restaurant,4,"Level 1, Crown Metropol 8 Whiteman Street, Melbourne, Victoria Australia",456
Mr. Miyagi,,2,$$ - $$$,restaurant,4,"99 Chapel St, Windsor, Stonnington, Victoria 3181 Australia",401
Munich Brauhaus,,304,$$ - $$$,restaurant,3.5,"45 South Wharf Promenade, Melbourne, Victoria Australia",1034
Naked for Satan,,5,$$ - $$$,restaurant,4.5,"285 Brunswick St, Fitzroy, Yarra, Victoria 3065 Australia",1244
Naked in the Sky,,20,$$ - $$$,restaurant,4.5,"285 Brunswick St, Fitzroy, Yarra, Victoria 3065 Australia",130
Nevsky Russian Restaurant,,1,$$ - $$$,restaurant,4.5,"476 Glen Huntly Rd, Elsternwick, Glen Eira, Victoria 3185 Australia",160
Nine Elephants,,279,$$ - $$$,restaurant,4.5,"67 Village St Docklands, Melbourne, Victoria 3008 Australia",145
Nirankar Restaurant,,248,$$ - $$$,restaurant,4.5,"174-176 Queen St, Melbourne, Victoria 3000 Australia",189
No35,Contemporary,104,$$$$,restaurant,4,"35/25 Collins St Level 35, Melbourne, Victoria 3000 Australia",929
Nobu Melbourne,,178,$$$$,restaurant,4,"Crown Entertainment Complex 8 Whiteman St, Melbourne, Victoria 3006 Australia",1462
Noir,,3,$$$$,restaurant,4.5,"175 Swan St, Richmond, Yarra, Victoria 3121 Australia",234
Oak & Vine,,276,$$ - $$$,restaurant,4.5,"60 Market St, Melbourne, Victoria 3000 Australia",108
Om Nom,Australian,83,$$$$,restaurant,4,"187 Flinders Lane Adelphi Hotel, Melbourne, Victoria 3000 Australia",545
Ombra Salumi Bar,,158,$$ - $$$,restaurant,4.5,"76 Bourke St, Melbourne, Victoria 3000 Australia",230
One Eleven,,313,$$$$,restaurant,4,"111 Spring Street The Hotel Windsor, Melbourne, Victoria 3000 Australia",175
Operator 25,Australian,22,$$ - $$$,restaurant,4.5,"25 Wills St, Melbourne, Victoria 3000 Australia",447
Oriental Spoon,,295,$$ - $$$,restaurant,4,"254 La Trobe St, Melbourne, Victoria 3000 Australia",217
Oriental Tea House,,255,$$ - $$$,restaurant,4,"378 Little Collins St, Melbourne, Victoria 3000 Australia",221
Osteria Ilaria,,120,$$ - $$$,restaurant,4.5,"367 Little Bourke St, Melbourne, Victoria 3000 Australia",248
P.J.O'Brien's Irish Pub,Irish,92,$$ - $$$,restaurant,4,"Southgate Southgate Restaurant & Shopping Precinct, Melbourne, Victoria 3006 Australia",544
Pacinos Italian Family Restaurant,,1,$$ - $$$,restaurant,4.5,"300 Epsom Rd 300-320 Epsom Road, Ascot Vale, Moonee Valley, Victoria 3031 Australia",240
Palermo,,166,$$ - $$$,restaurant,4.5,"401 Little Bourke St, Melbourne, Victoria 3000 Australia",143
Papa Gino's Pizza Restaurant,,209,$$ - $$$,restaurant,4,"Lygon Street Carlton, Melbourne, Victoria 3053 Australia",465
Paper Plate Restaurant,,12,$$ - $$$,restaurant,4.5,"318 Bridge Rd, Richmond, Yarra, Victoria 3121 Australia",65
Paris Go Bistro,,307,$$ - $$$,restaurant,4,"116 Rathdowne St, Melbourne, Victoria 3053 Australia",169
Park Street Pasta & Wine,,443,$$ - $$$,restaurant,4.5,"268 Park St South Melbourne, Melbourne, Victoria 3205 Australia",91
Pascale Bar & Grill,,284,$$$$,restaurant,4.5,"133 Russell St Level 1, Melbourne, Victoria 3000 Australia",161
pastuso,Peruvian,78,$$ - $$$,restaurant,4.5,"19 Acdc Lane Off Flinders Lane Between Collins St and Exhibition St, Melbourne, Victoria 3000 Australia",857
Patricia Coffee Brewers,Australian,27,$,restaurant,4.5,"493-495 Little Bourke St, Melbourne, Victoria 3000 Australia",212
Peko Peko,,223,$,restaurant,4.5,"190 Wells St, Melbourne, Victoria 3205 Australia",208
Pellegrini's Espresso Bar,,127,$,restaurant,4,"66 Bourke St, Melbourne, Victoria 3000 Australia",1067
Phancy Cafe,,340,$$ - $$$,restaurant,4.5,"408 Queen St, Melbourne, Victoria 3000 Australia",93
Philhellene,,3,$$ - $$$,restaurant,4,"551-553 Mount Alexander Rd, Moonee Ponds, Moonee Valley, Victoria 3039 Australia",187
Philippe,French,103,$$$$,restaurant,4.5,"115 Collins St, Melbourne, Victoria 3000 Australia",261
Pho Bo Ga Mekong,,269,$,restaurant,4,"241 Swanston St, Melbourne, Victoria 3000 Australia",448
Piccolo Mondo,Italian,47,$$ - $$$,restaurant,4.5,"240 Lygon St Carlton, Melbourne, Victoria 3053 Australia",735
Pidapipo Gelateria,Italian,11,$,restaurant,4.5,"299 Lygon St, Carlton, Melbourne, Victoria 3053 Australia",433
Pier Port Melbourne,,220,$$ - $$$,restaurant,4.5,"1 Bay St, Melbourne, Victoria 3207 Australia",189
Pilgrim Bar,,325,$$ - $$$,restaurant,4,"Vaults 15-19 Federation Wharf Federation Square, Melbourne, Victoria 3000 Australia",175
Pinchy's,,198,$$ - $$$,restaurant,4.5,"Level 1, 200 Bourke St Midcity Arcade, Melbourne, Victoria 3000 Australia",146
Plain Sailing,,1,$$ - $$$,restaurant,4.5,"144 Ormond Rd, Elwood, Port Phillip, Victoria 3184 Australia",85
Plus 5,,359,$$ - $$$,restaurant,4,"37 South Wharf Promenade, Melbourne, Victoria 3008 Australia",233
Ponyfish Island,,115,$$ - $$$,restaurant,4,"Underneath Evan Walker Pedestrian Bridge Southbank, Melbourne, Victoria 3006 Australia",479
Pope Joan,,354,$$ - $$$,restaurant,4,"45 Collins St, Melbourne, Victoria 3000 Australia",170
Postmaster Hotel,,2,$$ - $$$,restaurant,4,"186 High St, Kew, Boroondara, Victoria 3101 Australia",185
Pretty Boy Italian Steakhouse,,348,$$ - $$$,restaurant,4.5,"399 Little Lonsdale Street Level 1, Melbourne, Victoria 3000 Australia",73
Pud Thai vs Pho,,347,$,restaurant,4.5,"60 Siddeley St, Melbourne, Victoria 3008 Australia",103
Punch Lane,European,34,$$ - $$$,restaurant,4.5,"43 Little Bourke St, Melbourne, Victoria 3000 Australia",667
Pure South Dining,,177,$$$$,restaurant,4,"3 Southgate Ave Southbank, Melbourne, Victoria 3006 Australia",927
QT Kitchen,,1,$$ - $$$,restaurant,4.5,"12 High St, Glen Iris, Stonnington, Victoria 3146 Australia",71
Radii Restaurant & Bar,,384,$$$$,restaurant,4,"1 Parliament Pl, Melbourne, Victoria 3002 Australia",211
Radio Mexico Taqueria & Bar,,15,$$ - $$$,restaurant,4,"11-13 Carlisle St, St Kilda, Port Phillip, Victoria 3182 Australia",288
Railway Hotel,Australian,52,$$ - $$$,restaurant,4.5,"280 Ferrars St, Melbourne, Victoria 3205 Australia",267
Rare Steakhouse Downtown,Australian,60,$$ - $$$,restaurant,4.5,"42-44 King St, Melbourne, Victoria 3000 Australia",516
Rare Steakhouse Midtown,Australian,51,$$ - $$$,restaurant,4.5,"12 Goldie Pl, Melbourne, Victoria 3000 Australia",344
Rare Steakhouse Uptown,Australian,40,$$ - $$$,restaurant,4.5,"61 Little Collins St Shop 6, Melbourne, Victoria 3000 Australia",755
Red Emperor Chinese Restaurant,Chinese,165,$$ - $$$,restaurant,4,"3 Southgate Ave M10/ Mid Level, Melbourne, Victoria 3006 Australia",534
Red Pepper Indian Restaurant,,254,$$ - $$$,restaurant,4,"14 Bourke St, Melbourne, Victoria 3000 Australia",408
Red Spice Road,Asian,31,$$ - $$$,restaurant,4.5,"141 Queen St, Melbourne, Victoria 3000 Australia",1737
Republica,,11,$$ - $$$,restaurant,4,"10-18 Jacka Boulevard St. Kilda Sea Baths, St Kilda, Port Phillip, Victoria 3182 Australia",492
Restaurant 1903,,245,$$ - $$$,restaurant,4.5,"44 Spencer St Very Close to Southern Cross Railway Station, Melbourne, Victoria 3000 Australia",155
Ricardo's Trattoria,,1,$$ - $$$,restaurant,4.5,"99 Dundas Pl, Albert Park, Port Phillip, Victoria 3206 Australia",176
Rice Paper,,192,$,restaurant,4,"245 Swanston St, Melbourne, Victoria 3000 Australia",287
Rice Paper Scissors,Asian,6,$$ - $$$,restaurant,4.5,"15 Hardware Lane, Melbourne, Victoria 3000 Australia",2701
Richmond Oyster,,6,$$ - $$$,restaurant,4.5,"437 Church St, Richmond, Yarra, Victoria 3121 Australia",326
Riverland,,375,$$ - $$$,restaurant,4,"Vaults 1-9 Federation Wharf Federation Square, Melbourne, Victoria 3000 Australia",317
Rock Paper Scissors,,260,$$ - $$$,restaurant,4.5,"136-138 Rouse St, Melbourne, Victoria 3207 Australia",76
Rocket Burger & Fries,,321,$,restaurant,4.5,"Cnr Flinders & Elizabeth Streets 26 Elizabeth St, Melbourne, Victoria 3000 Australia",131
Rockpool Bar & Grill,,189,$$$$,restaurant,4,"Crown Complex Southbank, Melbourne, Victoria 3006 Australia",1961
Rococo,,6,$$ - $$$,restaurant,4,"87-91 Acland St St.Kilda, St Kilda, Port Phillip, Victoria 3182 Australia",973
Rosa's Canteen,Italian,138,$$ - $$$,restaurant,4.5,"Cnr Little Bourke & Thomson St Level 1, Melbourne, Victoria 3000 Australia",154
Rosco's at Chevron Cafe Bar,Italian,118,$$ - $$$,restaurant,4.5,"14/519 St Kilda Rd, Melbourne, Victoria 3004 Australia",262
Rosetta,,224,$$$$,restaurant,4,"Crown Entertainment Complex 8 Whiteman St Crown Complex, Melbourne, Victoria 3006 Australia",996
Roule Galette Melbourne,French,8,$,restaurant,4.5,"241 Flinders Lane Shop 1, Melbourne, Victoria 3000 Australia",604
Royal Stacks,,256,$,restaurant,4,"470 Collins St, Melbourne, Victoria 3000 Australia",169
Rubiras,,174,$$ - $$$,restaurant,4.5,"192 Station St Swallows Hotel, Melbourne, Victoria 3207 Australia",218
Rumi Brunswick,,1,$$ - $$$,restaurant,4.5,"116 Lygon St, Brunswick East, Moreland, Victoria 3057 Australia",265
Ruyi Modern Chinese,Chinese,25,$$ - $$$,restaurant,4.5,"16 Liverpool St, Melbourne, Victoria 3000 Australia",377
Saint & Rogue,,330,$$ - $$$,restaurant,4,"582 Little Collins St, Melbourne, Victoria 3000 Australia",127
Saint Crispin,,4,$$$$,restaurant,4,"300 Smith St, Collingwood, Yarra, Victoria 3066 Australia",332
Sake Restaurant & Bar,,180,$$ - $$$,restaurant,4,"100 St Kilda Rd Hamer Hall, Arts Centre, Melbourne, Victoria 3004 Australia",725
Sake Restaurant & Bar,,389,$$ - $$$,restaurant,4,"121 Flinders Lane, Melbourne, Victoria 3000 Australia",181
Sakura Kaiten,,361,$$ - $$$,restaurant,4.5,"60 Little Collins St, Melbourne, Victoria 3000 Australia",132
Sally's Kitchen and Winebar,,131,$$ - $$$,restaurant,4.5,"115 Little Lonsdale St, Melbourne, Victoria 3000 Australia",232
Salona Restaurant,,351,$$ - $$$,restaurant,4.5,"260A Swan Street, Richmond, Melbourne, Victoria 3121 Australia",126
San Telmo,Argentinian,66,$$ - $$$,restaurant,4.5,"14 Meyers Pl, Melbourne, Victoria 3000 Australia",709
Sapa Hills Restaurant,,2,$$ - $$$,restaurant,4.5,"112 Hopkins St, Footscray, Maribyrnong, Victoria 3011 Australia",196
Saporito Cafe Bar & Grill,,352,$$ - $$$,restaurant,4.5,"12-16 Kavanagh St, Melbourne, Victoria 3006 Australia",71
Saporito Taquito,,264,$$ - $$$,restaurant,4.5,"163 Inkerman St Unit 211, Melbourne, Victoria 3182 Australia",96
Saxe,,379,$$ - $$$,restaurant,4.5,"211 Queen St, Melbourne, Victoria 3000 Australia",52
Scopri,Italian,1,$$ - $$$,restaurant,5,"191 Nicholson St Carlton, Melbourne, Victoria 3053 Australia",1049
Scugnizzo,,199,$$ - $$$,restaurant,4.5,"558 Little Bourke St Entrance via Merritts place, Melbourne, Victoria 3000 Australia",180
seamstress,Asian,36,$$ - $$$,restaurant,4.5,"113 Lonsdale St, Melbourne, Victoria 3000 Australia",501
Seasons Provedore,Italian,102,$$ - $$$,restaurant,4.5,"199 Lygon St, Melbourne, Victoria 3053 Australia",494
Seedling Cafe,,238,$$ - $$$,restaurant,4.5,"349 Little Collins St, Melbourne, Victoria 3000 Australia",75
Self Preservation,,230,$$ - $$$,restaurant,4,"70 Bourke St, Melbourne, Victoria 3000 Australia",207
Seven Seeds,Australian,46,$$ - $$$,restaurant,4.5,"114 Berkley Street Carlton, Melbourne, Victoria Australia",381
Sezar,Healthy,18,$$ - $$$,restaurant,4.5,"6 Melbourne Pl, Melbourne, Victoria 3000 Australia",1024
Shakahari too,,355,$$ - $$$,restaurant,4.5,"225 Clarendon St, Melbourne, Victoria 3205 Australia",89
Shakahari Vegetarian Restaurant,,231,$$ - $$$,restaurant,4.5,"201-203 Faraday St, Melbourne, Victoria 3053 Australia",221
ShanDong MaMa,,271,$,restaurant,4,"200 Bourke St Mid City Centre, Shop 7, Melbourne, Victoria 3000 Australia",220
ShanDong MaMa mini,,302,$,restaurant,4.5,"5 Centre Pl, Melbourne, Victoria 3000 Australia",63
Shanghai Street,Chinese,121,$,restaurant,4,"342 Little Bourke St, Melbourne, Victoria 3000 Australia",595
Shark Fin Inn,,406,$$ - $$$,restaurant,3.5,"50 Little Bourke St, Melbourne, Victoria 3000 Australia",586
Shoya,,310,$$$$,restaurant,4,"25 Market Lane, Melbourne, Victoria 3000 Australia",216
Shujinko,,261,$,restaurant,4,"225 Russell St, Melbourne, Victoria 3000 Australia",142
Simply Spanish,,222,$$ - $$$,restaurant,4,"116 Cecil St, Melbourne, Victoria 3205 Australia",251
Simply Spanish QVM,,215,$$ - $$$,restaurant,4.5,"513 Elizabeth St, Melbourne, Victoria 3000 Australia",210
Sir Charles,,14,$$ - $$$,restaurant,4.5,"121 Johnston St, Fitzroy, Yarra, Victoria 3065 Australia",133
Sister of Soul,,9,$$ - $$$,restaurant,4,"73 Acland St, St Kilda, Port Phillip, Victoria 3182 Australia",402
Smith and Daughters,,9,$$ - $$$,restaurant,4.5,"175 Brunswick St, Fitzroy, Yarra, Victoria 3065 Australia",388
Sons of Mary,,2,$$ - $$$,restaurant,4.5,"14 Spink St, Brighton, Bayside, Victoria 3186 Australia",233
Sosta Ristorante,,283,$$ - $$$,restaurant,4.5,"12 Errol Street, Melbourne, Victoria 3051 Australia",183
Spaghetti Tree,,171,$$ - $$$,restaurant,4,"59 Bourke St, Melbourne, Victoria 3000 Australia",786
Spice Temple,,200,$$$$,restaurant,4,"Crown Entertainment Complex 8 Whiteman St Crown Complex, Southbank, Melbourne, Victoria 3006 Australia",1311
Spicy Korea,,296,$,restaurant,4.5,"U 1 601 Little Collins St, Melbourne, Victoria 3000 Australia",72
SPQR Pizzeria,,197,$$ - $$$,restaurant,4.5,"26 Liverpool Street, Melbourne 3000, Melbourne, Victoria 3000 Australia",194
Spring Street Grocer Cafe,,305,$$ - $$$,restaurant,4.5,"157 Spring St, Melbourne, Victoria 3000 Australia",96
Square & Compass,,290,$$ - $$$,restaurant,4.5,"222 Clarendon Street, Melbourne, Victoria Australia",113
Squires Loft South Yarra,Australian,93,$$ - $$$,restaurant,4.5,"166 Toorak Rd, Melbourne, Victoria 3141 Australia",383
St Ali Coffee Roasters,,111,$$ - $$$,restaurant,4,"12-18 Yarra Pl, Melbourne, Victoria 3205 Australia",632
St LuJa,,7,$$ - $$$,restaurant,4.5,"9 Fitzroy St, St Kilda, Port Phillip, Victoria 3182 Australia",124
Stalactites,,149,$$ - $$$,restaurant,4,"177-183 Lonsdale St, Melbourne, Victoria 3000 Australia",1473
Station Hotel,,3,$$ - $$$,restaurant,4,"59 Napier St, Footscray, Maribyrnong, Victoria 3011 Australia",352
Steer Dining Room,,298,$$ - $$$,restaurant,4.5,"15 Claremont St, Melbourne, Victoria 3141 Australia",76
Straight Outta Saigon,Vietnamese,13,$$ - $$$,restaurant,4.5,"138 Russell Street Ground level, Melbourne, Victoria 3000 Australia",337
Straits Cafe Melbourne,International,75,$$ - $$$,restaurant,4.5,"Rendezvous Hotel Melbourne 328 Flinders St, Melbourne, Victoria 3000 Australia",262
Sud Food and Wine,Italian,56,$$ - $$$,restaurant,4.5,"219 King St, Melbourne, Victoria 3000 Australia",230
Sunda,,253,$$ - $$$,restaurant,4.5,"18 Punch lane, Melbourne, Victoria 3000 Australia",111
Supernormal,Japanese,53,$$ - $$$,restaurant,4.5,"180 Flinders Lane, Melbourne, Victoria 3000 Australia",1619
Sushi Hub Swanston,,196,$,restaurant,4.5,"55 Swanston St, Melbourne, Victoria 3000 Australia",191
Swaad India's Zest,,3,$$ - $$$,restaurant,4.5,"Shop 9 271-275 Centre Rd, Bentleigh, Glen Eira, Victoria 3204 Australia",81
Taxi Kitchen,Contemporary,76,$$ - $$$,restaurant,4.5,"Level 1, Federation Square, Flinders Street Transport Hotel, Melbourne, Victoria 3000 Australia",953
Tazio,,201,$$ - $$$,restaurant,4,"91 Flinders Lane, Melbourne, Victoria 3000 Australia",291
Teatro,,206,$$ - $$$,restaurant,4,"Southbank Promenade Tenancy A Hamer Hall, Melbourne, Victoria 3006 Australia",510
Ten Square Cafe,,214,$$ - $$$,restaurant,5,"120 Hardware St, Melbourne, Victoria 3000 Australia",64
Terra Rossa Restaurant & Bar,,137,$$ - $$$,restaurant,4,"87 Flinders Lane, Melbourne, Victoria 3000 Australia",458
Thai city,,438,$$ - $$$,restaurant,4.5,"124 Lygon Street Carlton, Melbourne, Victoria 3000 Australia",72
The  European,European,97,$$ - $$$,restaurant,4,"161 Spring St, Melbourne, Victoria 3000 Australia",951
The Abyssinian,,187,$$ - $$$,restaurant,4.5,"277 Racecourse Rd, Melbourne, Victoria 3031 Australia",113
The Atlantic Restaurant,,207,$$$$,restaurant,4,"Crown Entertainment Complex 8 Whiteman St Crown Entertainment Complex, Melbourne, Victoria 3006 Australia",1570
The Bank on Collins,,98,$$ - $$$,restaurant,4,"394 Collins St, Melbourne, Victoria 3000 Australia",393
The Boatbuilders Yard,,211,$$ - $$$,restaurant,4,"23 South Wharf Prom, Melbourne, Victoria 3006 Australia",680
The Bond Store,,280,$$ - $$$,restaurant,4.5,"1 Riverside Qy, Melbourne, Victoria 3006 Australia",154
The Breslin Bar & Grill,,179,$$ - $$$,restaurant,4,"2 Southbank Bvd, Melbourne, Victoria 3006 Australia",650
The Crafty Squire,,299,$$ - $$$,restaurant,4,"127 Russell St, Melbourne, Victoria 3000 Australia",363
The Crane Restaurant,,416,$$ - $$$,restaurant,4,"212 Little Bourke St, Melbourne, Victoria 3000 Australia",194
The Crux & Co,,331,$$ - $$$,restaurant,4.5,"35 Albert Rd G01, Melbourne, Victoria 3004 Australia",100
The Deck Restaurant,,216,$$ - $$$,restaurant,4,"Upper Level Southgate Southgate Centre, Southgate Arts & Leisure Complex/3, Melbourne, Victoria 3006 Australia",284
The Essence,,369,$$ - $$$,restaurant,4,"Corner Exhibition & Lonsdale Streets Melbourne Marriott Hotel, Melbourne, Victoria 3000 Australia",240
The Fitz Cafe & Rooftop,,11,$$ - $$$,restaurant,4.5,"347 Brunswick St, Fitzroy, Yarra, Victoria 3065 Australia",257
The French Brasserie,French,19,$$$$,restaurant,4.5,"2 Malthouse Lane, Melbourne, Victoria 3000 Australia",721
The General Assembly,,273,$$ - $$$,restaurant,4,"29 South Wharf Prom, Melbourne, Victoria 3006 Australia",269
The Grain Store,European,39,$$ - $$$,restaurant,4.5,"Ground Floor 517 Flinders Lane, Melbourne, Victoria 3000 Australia",1248
The Hardware Club,,218,$$ - $$$,restaurant,5,"43 Hardware Lane, Melbourne, Victoria 3000 Australia",57
The Hardware Societe,Australian,35,$$ - $$$,restaurant,4.5,"10 Katherine Pl, Melbourne, Victoria 3000 Australia",1879
The Hof Downtown,,383,$$ - $$$,restaurant,4,"737 Bourke St Corner of Bourke and Village Street, Melbourne, Victoria 3008 Australia",160
The Irish Times Pub,,353,$$ - $$$,restaurant,4,"427 Little Collins St, Melbourne, Victoria 3000 Australia",270
The Jazz Corner Cafe,,203,$$ - $$$,restaurant,4,"350 William St located within The Jazz Corner Hotel - lobby cafe and mezzanine restaurant, Melbourne, Victoria 3000 Australia",305
The Kettle Black,,140,$$ - $$$,restaurant,4,"50 Albert Rd, Melbourne, Victoria 3205 Australia",450
The Lady Of St Kilda,,17,$$ - $$$,restaurant,4.5,"204 Barkly St Corner Smith Street, St Kilda, Port Phillip, Victoria 3182 Australia",53
The League of Honest Coffee,,386,$$ - $$$,restaurant,4.5,"8 Exploration Lane, Melbourne, Victoria 3000 Australia",94
The Louden Kitchen & Grill,,387,$$ - $$$,restaurant,4,"265 Little Bourke St, Melbourne, Victoria 3000 Australia",157
The Lui Bar,,113,$$$$,restaurant,4.5,"Rialto L 55 525 Collins St, Melbourne, Victoria 3000 Australia",463
The Meat & Wine Co Hawthorn East,,3,$$ - $$$,restaurant,4,"482 Riversdale Rd, Hawthorn, Boroondara, Victoria 3123 Australia",417
The Meat & Wine Co Southbank,Australian,112,$$ - $$$,restaurant,4,"3 Freshwater Pl 3 Queensbridge Street, Melbourne, Victoria 3006 Australia",1478
The Meatball and Wine Bar,Italian,132,$$ - $$$,restaurant,4,"135 Flinders Lane, Melbourne, Victoria 3000 Australia",699
The Moat,,365,$$ - $$$,restaurant,4,"176 Little Lonsdale St, Melbourne, Victoria 3000 Australia",123
The Olive Tree,,186,$$ - $$$,restaurant,4.5,"19 Park St, Melbourne, Victoria 3205 Australia",180
The Pancake Parlour,,411,$$ - $$$,restaurant,4,"Centrepoint Arcade, Bourke Street Mall Centrepoint Arcade, Bourke Street Mall, Down the Escalators, Between Sportsgirl and Jetty Surf, Melbourne, Victoria 3000 Australia",323
The Point Restaurant,,4,$$$$,restaurant,4.5,"Aquatic Drive Albert Park Lake, Albert Park, Port Phillip, Victoria 3206 Australia",242
The Quarter,Australian,94,$$ - $$$,restaurant,4,"27 Degraves St, Melbourne, Victoria 3000 Australia",745
The Railway Club Hotel Steakhouse,Australian,24,$$ - $$$,restaurant,4.5,"107 Raglan St Port Melbourne, Melbourne, Victoria 3207 Australia",680
The Recreation bistro x bottleshop,,143,$$ - $$$,restaurant,4.5,"162-170 Queens Parade, Fitzroy North, Melbourne, Victoria 3068 Australia",109
The Sherlock Holmes,British,64,$$ - $$$,restaurant,4.5,"415 Collins St, Melbourne, Victoria 3000 Australia",344
The Tippler & Co,,336,$$ - $$$,restaurant,4.5,"58 Wellington Pde, Melbourne, Victoria 3002 Australia",121
The Vegie Bar,,6,$$ - $$$,restaurant,4,"380 Brunswick St, Fitzroy, Yarra, Victoria 3065 Australia",936
Thirty Eight Chairs,,23,$$ - $$$,restaurant,4.5,"4A Bond St, Yarra, Victoria 3141 Australia",283
Three Bags Full Cafe,,2,$$ - $$$,restaurant,4.5,"Corner of Nicholson St and Mollison St,, Abbotsford, Yarra, Victoria 3067 Australia",230
Tiamo,,144,$$ - $$$,restaurant,4,"303 Lygon St Carlton, Melbourne, Victoria 3053 Australia",726
Tim Ho Wan,,323,$$ - $$$,restaurant,4,"206 Bourke St, Melbourne, Victoria 3000 Australia",361
Tipo 00,Italian,20,$$ - $$$,restaurant,4.5,"361 Little Bourke St, Melbourne, Victoria 3000 Australia",823
Tokui Sushi,,429,$,restaurant,5,"260 Lonsdale St, Melbourne, Victoria 3000 Australia",50
Tokyo Tina,,6,$$ - $$$,restaurant,4.5,"66A Chapel St, Windsor, Stonnington, Victoria 3181 Australia",202
Tonka,Indian,58,$$$$,restaurant,4.5,"20 Duckboard Pl, Melbourne, Victoria 3000 Australia",817
Top Paddock,,4,$$ - $$$,restaurant,4,"658 Church Street, Richmond, Yarra, Victoria Australia",692
Topolino's,,12,$$ - $$$,restaurant,4,"87 Fitzroy St, St Kilda, Port Phillip, Victoria 3182 Australia",386
Transformer Fitzroy,,12,$$ - $$$,restaurant,4.5,"99 Rose Street, Fitzroy, Yarra, Victoria 3065 Australia",285
Trattoria Emilia,,141,$$ - $$$,restaurant,4.5,"360 Little Collins St Little Collins Street, Melbourne, Victoria 3000 Australia",261
Triim Food & Drink,,259,$$ - $$$,restaurant,4,"33 Hardware Lane, Melbourne, Victoria 3000 Australia",224
Trunk,,129,$$ - $$$,restaurant,4,"275 Exhibition St, Melbourne, Victoria 3000 Australia",769
Tsindos-The Greeks Restaurant,,88,$$ - $$$,restaurant,4,"197 Lonsdale St, Melbourne, Victoria 3000 Australia",718
Tulum Restaurant,,281,$$ - $$$,restaurant,4,"217 Carlisle Street, Balaclava Near the Balaclava train station, Melbourne, Victoria 2575 Australia",167
Two Birds One Stone,Cafe,101,$$ - $$$,restaurant,4.5,"12 Claremont St, Melbourne, Victoria 3141 Australia",366
Uncle Collins Street,,291,$$ - $$$,restaurant,4.5,"15 Collins St Level 1, Melbourne, Victoria 3000 Australia",81
Universal Restaurant,,257,$$ - $$$,restaurant,4,"141 Lygon Street Carlton, Melbourne, Victoria 3053 Australia",363
University Cafe,,319,$$ - $$$,restaurant,4,"257 Lygon St Carlton, Melbourne, Victoria 3053 Australia",269
Vaporetto Bar & Eatery,,2,$$ - $$$,restaurant,4.5,"Rear 681 Glenferrie Rd Enter via Grace St, Hawthorn, Boroondara, Victoria 3122 Australia",261
Vertue Coffee Roasters,,217,$$ - $$$,restaurant,4.5,"8 Raffa Place, Melbourne, Victoria 3053 Australia",114
Vespa Rossa,,244,$$ - $$$,restaurant,4.5,"30 Block Pl, Melbourne, Victoria 3000 Australia",122
Viet Kitchen,,1,$,restaurant,4.5,"110 Hopkins St, Footscray, Maribyrnong, Victoria 3011 Australia",130
Vivace,,1,$$ - $$$,restaurant,4.5,"317 Bay St, Brighton, Bayside, Victoria 3186 Australia",408
Vue De Monde,Australian,33,$$$$,restaurant,4.5,"525 Collins St Rialto Building 55th Floor, Melbourne, Victoria 3000 Australia",2035
Waiters Restaurant - Italian Waiters Club,,183,$$ - $$$,restaurant,4,"20 Meyers Pl, Melbourne, Victoria 3000 Australia",282
Walkers Doughnuts,,324,$,restaurant,4.5,"26/2 Elizabeth St, Melbourne, Victoria 3000 Australia",127
Waterfront,Japanese,99,$$$$,restaurant,4,"Southgate Avenue Shop 20/3, Melbourne, Victoria 3006 Australia",1525
White Mojo Speciality Coffee & Roaster,,318,$$ - $$$,restaurant,4,"115 Hardware St, Melbourne, Victoria 3000 Australia",203
White Rabbit,,3,$$ - $$$,restaurant,4,"118 Church St, Brighton, Bayside, Victoria 3186 Australia",246
Windows Restaurant,,272,$$ - $$$,restaurant,4,"65 Queens Rd, Melbourne, Victoria 3004 Australia",208
Yassas - The Greek Way,,392,$$ - $$$,restaurant,4,"4-9/3 Southgate Ave Southgate Plaza, Melbourne, Victoria 3006 Australia",399
Yeonga Korean BBQ,,344,$$ - $$$,restaurant,4.5,"1-3 Cobden St, Melbourne, Victoria 3051 Australia",76
Young and Jacksons,,167,$$ - $$$,restaurant,4,"Cnr Swanston & Flinders Sts, Melbourne, Victoria 3000 Australia",366