name,rankingPosition,priceLevel,category,rating,numberOfReviews,Address,City,postcode
Hopetoun Tea Rooms est. 1892,26,$$ - $$$,restaurant,4.5,2311,421 Bourke St Hopetoun Tea Rooms,Melbourne,3000
Da Guido La Pasta,2,$$ - $$$,restaurant,4.5,1095,130 Lygon St Carlton,Melbourne,3053
Foglia di Fico,3,$$ - $$$,restaurant,5.0,202,585 La Trobe St (Spencer St entrance),Melbourne,3000
Kazuki's,9,$$$$,restaurant,4.5,500,121 Lygon St Carlton,Melbourne,3053
Hochi Mama,17,$$ - $$$,restaurant,4.5,1469,35 Little Bourke St,Melbourne,3000
Sezar,18,$$ - $$$,restaurant,4.5,1024,6 Melbourne Pl,Melbourne,3000
The French Brasserie,19,$$$$,restaurant,4.5,721,2 Malthouse Lane,Melbourne,3000
The Railway Club Hotel Steakhouse,24,$$ - $$$,restaurant,4.5,680,107 Raglan St Port Melbourne,Melbourne,3207
Bistrot d'Orsay,29,$$ - $$$,restaurant,4.5,497,184 Collins St,Melbourne,3000
Da Guido 365,7,$$ - $$$,restaurant,4.5,524,365 Little Collins St,Melbourne,3000
Roule Galette Melbourne,8,$,restaurant,4.5,604,241 Flinders Lane Shop 1,Melbourne,3000
Eau De Vie,15,$$ - $$$,restaurant,4.5,814,1 Malthouse Lane,Melbourne,3000
Tipo 00,20,$$ - $$$,restaurant,4.5,823,361 Little Bourke St,Melbourne,3000
Ruyi Modern Chinese,25,$$ - $$$,restaurant,4.5,377,16 Liverpool St,Melbourne,3000
David's Master Pot (Elizabeth St - CBD),21,$$ - $$$,restaurant,5.0,140,462 Elizabeth St,Melbourne,3000
Longrain,28,$$ - $$$,restaurant,4.5,1172,44 Little Bourke St,Melbourne,3000
Straight Outta Saigon,13,$$ - $$$,restaurant,4.5,337,138 Russell Street Ground level,Melbourne,3000
Patricia Coffee Brewers,27,$,restaurant,4.5,212,493-495 Little Bourke St,Melbourne,3000
Coda,49,$$$$,restaurant,4.5,1150,141 Flinders Lane,Melbourne,3000
Bowery to Williamsburg,55,$$ - $$$,restaurant,4.5,322,16 Oliver Lane,Melbourne,3000
Rare Steakhouse Midtown,51,$$ - $$$,restaurant,4.5,344,12 Goldie Pl,Melbourne,3000
Bettyâ€™s Burgers & Concrete Co,44,$,restaurant,4.5,1215,97 Elizabeth St,Melbourne,3000
seamstress,36,$$ - $$$,restaurant,4.5,501,113 Lonsdale St,Melbourne,3000
Laksa King,61,$,restaurant,4.5,557,6-12 Pin Oak Cres Flemington,Melbourne,3031
Sud Food and Wine,56,$$ - $$$,restaurant,4.5,230,219 King St,Melbourne,3000
11 Inch Pizza,4,$,restaurant,4.5,324,Shop 7A 353 Little Collins St,Melbourne,3000
Operator 25,22,$$ - $$$,restaurant,4.5,447,25 Wills St,Melbourne,3000
Koko Black Chocolate,38,$$ - $$$,restaurant,4.5,558,52 Collins St,Melbourne,3000
Auction Rooms,57,$$ - $$$,restaurant,4.5,432,103-107 Errol St,Melbourne,3051
Tonka,58,$$$$,restaurant,4.5,817,20 Duckboard Pl,Melbourne,3000
Il Solito Posto,23,$$ - $$$,restaurant,4.5,989,113 Collins St via George Parade,Melbourne,3000
Geppetto Trattoria,5,$$ - $$$,restaurant,4.5,439,78A Wellington Pde,Melbourne,3002
Scopri,1,$$ - $$$,restaurant,5.0,1049,191 Nicholson St Carlton,Melbourne,3053
Railway Hotel,52,$$ - $$$,restaurant,4.5,267,280 Ferrars St,Melbourne,3205
Afternoon Tea at The Hotel Windsor,41,$$$$,restaurant,4.5,1508,111 Spring Street The Hotel Windsor,Melbourne,3000
Piccolo Mondo,47,$$ - $$$,restaurant,4.5,735,240 Lygon St Carlton,Melbourne,3053
1932 Cafe & Restaurant,50,$$ - $$$,restaurant,4.5,443,220 Collins St Manchester Unity Building,Melbourne,3000
+39 Pizzeria,48,$$ - $$$,restaurant,4.5,1232,362 Little Bourke St,Melbourne,3000
Red Spice Road,31,$$ - $$$,restaurant,4.5,1737,141 Queen St,Melbourne,3000
Straits Cafe Melbourne,75,$$ - $$$,restaurant,4.5,262,Rendezvous Hotel Melbourne 328 Flinders St,Melbourne,3000
Om Nom,83,$$$$,restaurant,4.0,545,187 Flinders Lane Adelphi Hotel,Melbourne,3000
Cicciolina,62,$$ - $$$,restaurant,4.5,375,130 Acland St,Melbourne,3182
Movida Bar de Tapas,72,$$ - $$$,restaurant,4.5,2760,1 Hosier Lane,Melbourne,3000
The Sherlock Holmes,64,$$ - $$$,restaurant,4.5,344,415 Collins St,Melbourne,3000
Rare Steakhouse Downtown,60,$$ - $$$,restaurant,4.5,516,42-44 King St,Melbourne,3000
Rice Paper Scissors,6,$$ - $$$,restaurant,4.5,2701,15 Hardware Lane,Melbourne,3000
Ganache Chocolate,87,$$ - $$$,restaurant,4.5,260,245 Collins St,Melbourne,3000
Flower Drum,42,$$$$,restaurant,4.5,1367,17 Market Lane,Melbourne,3000
Rare Steakhouse Uptown,40,$$ - $$$,restaurant,4.5,755,61 Little Collins St Shop 6,Melbourne,3000
Manchester Press,84,$$ - $$$,restaurant,4.5,500,8 Rankins Lane,Melbourne,3000
Caterina's Cucina E Bar,85,$$ - $$$,restaurant,5.0,111,221 Queen St,Melbourne,3000
Delhi Streets Indian Street Food,37,$,restaurant,4.5,262,22 Katherine Pl,Melbourne,3000
Amiconi,71,$$ - $$$,restaurant,4.5,181,359 Victoria St Locality is West Melbourne,Melbourne,3003
pastuso,78,$$ - $$$,restaurant,4.5,857,19 Acdc Lane Off Flinders Lane Between Collins St and Exhibition St,Melbourne,3000
Lucy Liu Kitchen and Bar,67,$$ - $$$,restaurant,4.5,1195,23 Oliver Lane,Melbourne,3000
Max Bar Restaurant,63,$$ - $$$,restaurant,4.0,1405,54 - 58 Hardware Lane,Melbourne,3000
San Telmo,66,$$ - $$$,restaurant,4.5,709,14 Meyers Pl,Melbourne,3000
Bamboo House Chinese Restaurant,90,$$ - $$$,restaurant,4.5,405,47 Little Bourke St,Melbourne,3000
Vue De Monde,33,$$$$,restaurant,4.5,2035,525 Collins St Rialto Building 55th Floor,Melbourne,3000
Il Bacaro Cucina e Bar,12,$$$$,restaurant,4.5,504,68-170 Little Collins St 168-170 Little Collins St,Melbourne,3000
Grand Trailer Park Taverna,82,$$ - $$$,restaurant,4.5,296,87 Bourke St,Melbourne,3000
B'Churrasco Brazilian BBQ,43,$$ - $$$,restaurant,4.5,557,61 A'Beckett St,Melbourne,3000
The Hardware Societe,35,$$ - $$$,restaurant,4.5,1879,10 Katherine Pl,Melbourne,3000
Supernormal,53,$$ - $$$,restaurant,4.5,1619,180 Flinders Lane,Melbourne,3000
Embla,70,$$ - $$$,restaurant,4.5,266,122 Russell St,Melbourne,3000
Cucinetta,10,$$ - $$$,restaurant,4.5,401,U 4 3 Murphy St South Yarra,Melbourne,3141
Chocolate Buddha,32,$$ - $$$,restaurant,4.5,717,Cnr. Flinders & Swanston Street Federation Square,Melbourne,3000
The Grain Store,39,$$ - $$$,restaurant,4.5,1248,Ground Floor 517 Flinders Lane,Melbourne,3000
Cargo Restaurant,86,$$ - $$$,restaurant,4.5,696,Docklands Melbourne,Melbourne,3008
Cecconi's Flinders Lane,80,$$$$,restaurant,4.5,539,61 Flinders Lane,Melbourne,3000
MoVida Next Door,73,$$ - $$$,restaurant,4.5,528,164 Flinders St,Melbourne,3000
Punch Lane,34,$$ - $$$,restaurant,4.5,667,43 Little Bourke St,Melbourne,3000
DOC Pizza & Mozzarella Bar,91,$$ - $$$,restaurant,4.5,672,295 Drummond St,Melbourne,3053
Kenzan Japanese Restaurant,105,$$ - $$$,restaurant,4.5,278,56 Flinders Lane At Collins Place,Melbourne,3000
Seasons Provedore,102,$$ - $$$,restaurant,4.5,494,199 Lygon St,Melbourne,3053
1806,110,$$ - $$$,restaurant,4.5,259,169 Exhibition St,Melbourne,3000
The Meat & Wine Co Southbank,112,$$ - $$$,restaurant,4.0,1478,3 Freshwater Pl 3 Queensbridge Street,Melbourne,3006
Philippe,103,$$$$,restaurant,4.5,261,115 Collins St,Melbourne,3000
The Quarter,94,$$ - $$$,restaurant,4.0,745,27 Degraves St,Melbourne,3000
P.J.O'Brien's Irish Pub,92,$$ - $$$,restaurant,4.0,544,Southgate Southgate Restaurant & Shopping Precinct,Melbourne,3006
The  European,97,$$ - $$$,restaurant,4.0,951,161 Spring St,Melbourne,3000
Rosco's at Chevron Cafe Bar,118,$$ - $$$,restaurant,4.5,262,14/519 St Kilda Rd,Melbourne,3004
Hakata Gensuke Ramen,54,$,restaurant,4.5,369,168 Russell St,Melbourne,3000
Bomba,65,$$ - $$$,restaurant,4.5,457,103 Lonsdale St,Melbourne,3000
Cumulus Inc.,59,$$ - $$$,restaurant,4.5,2123,45 Flinders La,Melbourne,3000
Gingerboy,77,$$ - $$$,restaurant,4.5,990,27-29 Crossley St,Melbourne,3000
Grill Steak Seafood,68,$$ - $$$,restaurant,4.5,1479,68 - 78 Hardware Lane,Melbourne,3000
Berth,109,$$ - $$$,restaurant,4.0,568,45 New Quay Promenade Docklands,Melbourne,3008
Mamasita,135,$$ - $$$,restaurant,4.0,1307,11 Collins St,Melbourne,3000
The Meatball and Wine Bar,132,$$ - $$$,restaurant,4.0,699,135 Flinders Lane,Melbourne,3000
A Hereford Beefstouw,139,$$ - $$$,restaurant,4.5,199,22 Duckboard Pl,Melbourne,3000
Cafe Rosco,130,$$ - $$$,restaurant,4.5,232,407D St Kilda Rd,Melbourne,3004
Caffe e Cucina,147,$$ - $$$,restaurant,4.0,490,581 Chapel St South Yarra,Melbourne,3141
Waterfront,99,$$$$,restaurant,4.0,1525,Southgate Avenue Shop 20/3,Melbourne,3006
HQ's On William,122,$$ - $$$,restaurant,4.5,306,380 William St Radisson on Flagstaff Gardens,Melbourne,3000
Bottega,96,$$$$,restaurant,4.0,405,74 Bourke St,Melbourne,3000
Shanghai Street,121,$,restaurant,4.0,595,342 Little Bourke St,Melbourne,3000
Lupino Bistro and Bar,16,$$ - $$$,restaurant,4.5,416,41 Little Collins St,Melbourne,3000
Mamak,116,$,restaurant,4.0,514,366 Lonsdale St,Melbourne,3000
Brick Lane Melbourne,14,$$ - $$$,restaurant,4.5,208,33 Guildford Lane,Melbourne,3000
No35,104,$$$$,restaurant,4.0,929,35/25 Collins St Level 35,Melbourne,3000
Brother Baba Budan,30,$,restaurant,4.5,440,359 Little Bourke St Cbd,Melbourne,3000
Japanese Teppanyaki Inn,107,$$$$,restaurant,4.5,219,182 Collins St,Melbourne,3000
Rosa's Canteen,138,$$ - $$$,restaurant,4.5,154,Cnr Little Bourke & Thomson St Level 1,Melbourne,3000
Two Birds One Stone,101,$$ - $$$,restaurant,4.5,366,12 Claremont St,Melbourne,3141
Red Emperor Chinese Restaurant,165,$$ - $$$,restaurant,4.0,534,3 Southgate Ave M10/ Mid Level,Melbourne,3006
Squires Loft South Yarra,93,$$ - $$$,restaurant,4.5,383,166 Toorak Rd,Melbourne,3141
Grossi  Florentino,133,$$$$,restaurant,4.0,1262,80 Bourke St,Melbourne,3000
Epocha,128,$$$$,restaurant,4.5,254,49 Rathdowne St Carlton South,Melbourne,3053
Magic Mountain Saloon,148,$$ - $$$,restaurant,4.0,289,62 Little Collins St,Melbourne,3000
The Bank on Collins,98,$$ - $$$,restaurant,4.0,393,394 Collins St,Melbourne,3000
Ponyfish Island,115,$$ - $$$,restaurant,4.0,479,Underneath Evan Walker Pedestrian Bridge Southbank,Melbourne,3006
Osteria Ilaria,120,$$ - $$$,restaurant,4.5,248,367 Little Bourke St,Melbourne,3000
Juicy Bao,123,$,restaurant,4.5,365,178-190 Little Bourke St Shop 2,Melbourne,3000
Trattoria Emilia,141,$$ - $$$,restaurant,4.5,261,360 Little Collins St Little Collins Street,Melbourne,3000
Maha,45,$$$$,restaurant,4.5,1702,21 Bond St,Melbourne,3000
Tiamo,144,$$ - $$$,restaurant,4.0,726,303 Lygon St Carlton,Melbourne,3053
Dukes Coffee Roasters,89,$,restaurant,4.5,182,247 Flinders Lane,Melbourne,3000
Trunk,129,$$ - $$$,restaurant,4.0,769,275 Exhibition St,Melbourne,3000
Becco,124,$$$$,restaurant,4.5,378,11-25 Crossley St,Melbourne,3000
Sally's Kitchen and Winebar,131,$$ - $$$,restaurant,4.5,232,115 Little Lonsdale St,Melbourne,3000
Higher Ground,134,$$ - $$$,restaurant,4.0,713,650 Little Bourke St,Melbourne,3000
Pellegrini's Espresso Bar,127,$,restaurant,4.0,1067,66 Bourke St,Melbourne,3000
DoDee Paidang Thai Bar and Cafe,117,$,restaurant,4.5,185,353 Little Collins St,Melbourne,3000
Ca de Vin,136,$$ - $$$,restaurant,4.0,523,350 Bourke St Melbourne GPO,Melbourne,3000
Terra Rossa Restaurant & Bar,137,$$ - $$$,restaurant,4.0,458,87 Flinders Lane,Melbourne,3000
Ginger Olive Restaurant and Grill,164,$$ - $$$,restaurant,5.0,80,U 2 38 Manchester Lane Corner Manchester Lane and Flinders Lane,Melbourne,3000
Palermo,166,$$ - $$$,restaurant,4.5,143,401 Little Bourke St,Melbourne,3000
France Soir,154,$$$$,restaurant,4.0,654,11 Toorak Rd South Yarra,Melbourne,3141
Ciao Cielo,159,$$ - $$$,restaurant,4.5,268,115 Bay St,Melbourne,3207
Pure South Dining,177,$$$$,restaurant,4.0,927,3 Southgate Ave Southbank,Melbourne,3006
Nobu Melbourne,178,$$$$,restaurant,4.0,1462,Crown Entertainment Complex 8 Whiteman St,Melbourne,3006
Stalactites,149,$$ - $$$,restaurant,4.0,1473,177-183 Lonsdale St,Melbourne,3000
St Ali Coffee Roasters,111,$$ - $$$,restaurant,4.0,632,12-18 Yarra Pl,Melbourne,3205
Hofbrauhaus,126,$$ - $$$,restaurant,4.0,475,18-26 Market Lane In the heart of Chinatown,Melbourne,3000
The Lui Bar,113,$$$$,restaurant,4.5,463,Rialto L 55 525 Collins St,Melbourne,3000
Axil Coffee Roasters,150,$$ - $$$,restaurant,4.5,200,322 Burwood Rd Hawthorn Not Camberwell,Melbourne,3122
Box Seafood Restaurant,168,$$$$,restaurant,4.0,416,189 Collins St,Melbourne,3000
Ombra Salumi Bar,158,$$ - $$$,restaurant,4.5,230,76 Bourke St,Melbourne,3000
Brunetti Oro Flinders Lane,176,$$ - $$$,restaurant,4.0,332,250 Flinders Ln,Melbourne,3000
The Kettle Black,140,$$ - $$$,restaurant,4.0,450,50 Albert Rd,Melbourne,3205
Fiorelli,1,$$ - $$$,restaurant,4.5,213,209 Camberwell Road,Camberwell,3124
Estelle,1,$$$$,restaurant,4.5,395,243 High St,Northcote,3070
Byblos Bar & Restaurant,191,$$ - $$$,restaurant,4.0,314,12 World Trade Centre,Melbourne,3005
Hanoi Mee Kitchen & Bar,184,$$ - $$$,restaurant,4.5,112,140 Rouse St Port Melbourne,Melbourne,3207
The Olive Tree,186,$$ - $$$,restaurant,4.5,180,19 Park St,Melbourne,3205
Chuckle Park Bar,188,$$ - $$$,restaurant,4.5,157,322 Little Collins St,Melbourne,3000
Gin Palace,156,$$ - $$$,restaurant,4.5,274,10 Russell Pl,Melbourne,3000
Mahn Doo,169,$$ - $$$,restaurant,4.5,119,365 La Trobe St,Melbourne,3000
Young and Jacksons,167,$$ - $$$,restaurant,4.0,366,Cnr Swanston & Flinders Sts,Melbourne,3000
Mezzo,225,$$ - $$$,restaurant,4.0,324,35 Little Bourke St,Melbourne,3000
Self Preservation,230,$$ - $$$,restaurant,4.0,207,70 Bourke St,Melbourne,3000
Vertue Coffee Roasters,217,$$ - $$$,restaurant,4.5,114,8 Raffa Place,Melbourne,3053
Shakahari Vegetarian Restaurant,231,$$ - $$$,restaurant,4.5,221,201-203 Faraday St,Melbourne,3053
Bacash Restaurant,219,$$$$,restaurant,4.5,208,175 Domain Rd,Melbourne,3141
La Belle Miette,239,$$ - $$$,restaurant,4.5,121,8 Collins St,Melbourne,3000
Cafe Excello,193,$$ - $$$,restaurant,4.0,220,99 Spring St,Melbourne,3000
Lee Ho Fook,202,$$ - $$$,restaurant,4.5,200,11-15 Duckboard Pl,Melbourne,3000
Scugnizzo,199,$$ - $$$,restaurant,4.5,180,558 Little Bourke St Entrance via Merritts place,Melbourne,3000
The Breslin Bar & Grill,179,$$ - $$$,restaurant,4.0,650,2 Southbank Bvd,Melbourne,3006
Tazio,201,$$ - $$$,restaurant,4.0,291,91 Flinders Lane,Melbourne,3000
Rice Paper,192,$,restaurant,4.0,287,245 Swanston St,Melbourne,3000
Papa Gino's Pizza Restaurant,209,$$ - $$$,restaurant,4.0,465,Lygon Street Carlton,Melbourne,3053
Encore Bar and Restaurant,210,$$ - $$$,restaurant,4.5,135,131 Lonsdale St,Melbourne,3000
The Jazz Corner Cafe,203,$$ - $$$,restaurant,4.0,305,350 William St located within The Jazz Corner Hotel - lobby cafe and mezzanine restaurant,Melbourne,3000
Hutong Dumpling Bar,153,$$ - $$$,restaurant,4.0,766,14-16 Market Lane,Melbourne,3000
Giro d'Italia,74,$$ - $$$,restaurant,5.0,84,401 Saint Kida Road,Melbourne,3000
Il Duca,157,$$ - $$$,restaurant,4.5,242,132 Wellington Pde,Melbourne,3002
Merchant,182,$$ - $$$,restaurant,4.0,331,495 Collins St,Melbourne,3000
Mitre Tavern Steakhouse & Grill,151,$$ - $$$,restaurant,4.0,424,5 Bank Pl Level 1,Melbourne,3000
Chez Dre Cafe,229,$$ - $$$,restaurant,4.0,386,Rear of 285/287 Coventry St Access Via Alleyway,Melbourne,3205
Pier Port Melbourne,220,$$ - $$$,restaurant,4.5,189,1 Bay St,Melbourne,3207
Little Ramen Bar,236,$,restaurant,4.0,173,369 Little Collins St,Melbourne,3000
Red Pepper Indian Restaurant,254,$$ - $$$,restaurant,4.0,408,14 Bourke St,Melbourne,3000
Nirankar Restaurant,248,$$ - $$$,restaurant,4.5,189,174-176 Queen St,Melbourne,3000
BearBrass,252,$$ - $$$,restaurant,4.0,625,Shop GR3A 3 Southgate Ave Southbank VIC,Melbourne,3006
3 Brothersss Indian Restaurant,228,$$ - $$$,restaurant,5.0,41,513 Elizabeth St Queen Victoria Market,Melbourne,3000
Cherry & Twigs,233,$,restaurant,4.5,135,Shop 1B 555 Flinders Lane,Melbourne,3000
Shujinko,261,$,restaurant,4.0,142,225 Russell St,Melbourne,3000
Aagaman Indian Nepalese Restaurant,262,$$ - $$$,restaurant,4.5,132,271 Bay St,Melbourne,3207
Kisume,234,$$$$,restaurant,4.0,399,175 Flinders Lane,Melbourne,3000
Cafe Andiamo,226,$$ - $$$,restaurant,4.0,553,36-38 Degraves Lane,Melbourne,3000
Simply Spanish QVM,215,$$ - $$$,restaurant,4.5,210,513 Elizabeth St,Melbourne,3000
Bangkok Jam,205,$$ - $$$,restaurant,4.5,100,107 Little Bourke St,Melbourne,3000
Teatro,206,$$ - $$$,restaurant,4.0,510,Southbank Promenade Tenancy A Hamer Hall,Melbourne,3006
Meatmaiden,204,$$ - $$$,restaurant,4.0,344,195 Little Collins St Basement,Melbourne,3000
Betty's Burgers,185,$$ - $$$,restaurant,4.5,86,222 Exhibition St,Melbourne,3000
China Red,181,$$ - $$$,restaurant,4.0,353,Shop 6 206 Bourke St,Melbourne,3000
The Atlantic Restaurant,207,$$$$,restaurant,4.0,1570,Crown Entertainment Complex 8 Whiteman St Crown Entertainment Complex,Melbourne,3006
Rockpool Bar & Grill,189,$$$$,restaurant,4.0,1961,Crown Complex Southbank,Melbourne,3006
Rubiras,174,$$ - $$$,restaurant,4.5,218,192 Station St Swallows Hotel,Melbourne,3207
Metro Burger,100,$,restaurant,4.5,146,12 Degraves St,Melbourne,3000
Bar Lourinha,172,$$ - $$$,restaurant,4.5,284,37 Little Collins St,Melbourne,3000
Chin Chin,162,$$ - $$$,restaurant,4.5,6029,125 Flinders Lane,Melbourne,3000
Izakaya Den,173,$$ - $$$,restaurant,4.5,258,Basement 118 Russell St,Melbourne,3000
Humble Rays,267,$$ - $$$,restaurant,4.5,88,71 Bouverie St Carlton,Melbourne,3053
Hunky Dory,240,$,restaurant,4.5,245,670 Chapel Street Shop 17,Melbourne,3205
Waiters Restaurant - Italian Waiters Club,183,$$ - $$$,restaurant,4.0,282,20 Meyers Pl,Melbourne,3000
Gopal's Vegetarian,242,$,restaurant,4.5,170,139 Swanston St,Melbourne,3000
Sushi Hub Swanston,196,$,restaurant,4.5,191,55 Swanston St,Melbourne,3000
Spaghetti Tree,171,$$ - $$$,restaurant,4.0,786,59 Bourke St,Melbourne,3000
Arbory Bar & Eatery,194,$$ - $$$,restaurant,4.0,827,Flinders Walk,Melbourne,3000
La Spaghettata,163,$$ - $$$,restaurant,4.0,536,238 Lygon St,Melbourne,3053
Triim Food & Drink,259,$$ - $$$,restaurant,4.0,224,33 Hardware Lane,Melbourne,3000
Gourmet Curry Hut,247,$$ - $$$,restaurant,4.5,175,318 Hub Arcade Little Collins Street,Melbourne,3000
Little Billy,258,$$ - $$$,restaurant,4.0,162,Shop W2 195 William St,Melbourne,3000
Thirty Eight Chairs,23,$$ - $$$,restaurant,4.5,283,4A Bond St,Yarra,3141
Restaurant 1903,245,$$ - $$$,restaurant,4.5,155,44 Spencer St Very Close to Southern Cross Railway Station,Melbourne,3000
Universal Restaurant,257,$$ - $$$,restaurant,4.0,363,141 Lygon Street Carlton,Melbourne,3053
Pho Bo Ga Mekong,269,$,restaurant,4.0,448,241 Swanston St,Melbourne,3000
Gradi Crown,246,$$ - $$$,restaurant,4.0,1093,Crown Entertainment Complex 8 Whiteman St Shop 25,Melbourne,3006
Agathe Patisserie,213,$,restaurant,4.5,73,64/362 Coventry Street South Melbourne Market Stall,Melbourne,3205
Claypots Barbarossa,237,$$ - $$$,restaurant,4.5,190,79 Hardware Lane Melbourne CBD,Melbourne,3000
Seedling Cafe,238,$$ - $$$,restaurant,4.5,75,349 Little Collins St,Melbourne,3000
Vespa Rossa,244,$$ - $$$,restaurant,4.5,122,30 Block Pl,Melbourne,3000
Ides,170,$$$$,restaurant,4.5,129,92 Smith St,Melbourne,3066
Uncle Collins Street,291,$$ - $$$,restaurant,4.5,81,15 Collins St Level 1,Melbourne,3000
Sosta Ristorante,283,$$ - $$$,restaurant,4.5,183,12 Errol Street,Melbourne,3051
Gordon's Cafe & Bar,292,$$ - $$$,restaurant,4.0,147,306 Little Collins St Shop 4,Melbourne,3000
Isan Soul Thai Street Food,265,$$ - $$$,restaurant,4.5,89,98 Bourke St,Melbourne,3000
Oriental Spoon,295,$$ - $$$,restaurant,4.0,217,254 La Trobe St,Melbourne,3000
Oak & Vine,276,$$ - $$$,restaurant,4.5,108,60 Market St,Melbourne,3000
The Bond Store,280,$$ - $$$,restaurant,4.5,154,1 Riverside Qy,Melbourne,3006
Windows Restaurant,272,$$ - $$$,restaurant,4.0,208,65 Queens Rd,Melbourne,3004
Grill'd Degraves St,263,$,restaurant,4.0,219,15 Degraves St,Melbourne,3000
Bistro Gitan,2,$$ - $$$,restaurant,4.5,268,52 Toorak Rd West,South Yarra,3141
Kirks Wine Bar,243,$$ - $$$,restaurant,4.0,217,Cnr Hardware Lane and Little Bourke,Melbourne,3000
Saporito Taquito,264,$$ - $$$,restaurant,4.5,96,163 Inkerman St Unit 211,Melbourne,3182
Simply Spanish,222,$$ - $$$,restaurant,4.0,251,116 Cecil St,Melbourne,3205
Milk the Cow,161,$$ - $$$,restaurant,4.5,152,323 Lygon St,Melbourne,3053
Peko Peko,223,$,restaurant,4.5,208,190 Wells St,Melbourne,3205
Tsindos-The Greeks Restaurant,88,$$ - $$$,restaurant,4.0,718,197 Lonsdale St,Melbourne,3000
Melbourne Hwaro Korean Barbecue,285,$$ - $$$,restaurant,4.0,141,Level Ground 562 Little Bourke St,Melbourne,3000
Don Don Japanese,274,$,restaurant,4.0,241,198 Little Lonsdale St,Melbourne,3000
Beer DeLuxe,277,$$ - $$$,restaurant,4.0,304,Federation Square Corner Swanston and Flinders Streets,Melbourne,3000
Spicy Korea,296,$,restaurant,4.5,72,U 1 601 Little Collins St,Melbourne,3000
Nine Elephants,279,$$ - $$$,restaurant,4.5,145,67 Village St Docklands,Melbourne,3008
The Boatbuilders Yard,211,$$ - $$$,restaurant,4.0,680,23 South Wharf Prom,Melbourne,3006
Lord Cardigan,278,$$ - $$$,restaurant,4.5,114,59 Cardigan Pl,Melbourne,3206
Belgian Beer Cafe,300,$$ - $$$,restaurant,4.0,256,5 Riverside Qy Southbank,Melbourne,3006
Crossways Restaurant,297,$,restaurant,4.5,104,309-325 Bourke St,Melbourne,3000
Le Petite Bourke,275,$$ - $$$,restaurant,4.5,130,24 Little Bourke St,Melbourne,3000
Royal Stacks,256,$,restaurant,4.0,169,470 Collins St,Melbourne,3000
Donnini's Restaurant,152,$$ - $$$,restaurant,4.5,297,320 Lygon St Carlton,Melbourne,3053
City Wine Shop,212,$$ - $$$,restaurant,4.5,255,159 Spring St,Melbourne,3000
Rock Paper Scissors,260,$$ - $$$,restaurant,4.5,76,136-138 Rouse St,Melbourne,3207
Maccaroni Trattoria Italiana,286,$$ - $$$,restaurant,4.0,408,10-16 Manchester Lane,Melbourne,3000
Mjolner,195,$$$$,restaurant,4.5,136,106 Hardware St,Melbourne,3000
Ten Square Cafe,214,$$ - $$$,restaurant,5.0,64,120 Hardware St,Melbourne,3000
Koko Black,312,$$ - $$$,restaurant,4.5,187,167 Lygon St,Melbourne,3053
University Cafe,319,$$ - $$$,restaurant,4.0,269,257 Lygon St Carlton,Melbourne,3053
Asado,301,$$$$,restaurant,4.0,211,6 Riverside Quay,Melbourne,3006
Le Petit Gateau,315,$$ - $$$,restaurant,4.5,76,458 Little Collins St,Melbourne,3000
Paris Go Bistro,307,$$ - $$$,restaurant,4.0,169,116 Rathdowne St,Melbourne,3053
ShanDong MaMa mini,302,$,restaurant,4.5,63,5 Centre Pl,Melbourne,3000
Il Gambero,303,$$ - $$$,restaurant,4.0,322,166 Lygon St Carlton,Melbourne,3053
The Abyssinian,187,$$ - $$$,restaurant,4.5,113,277 Racecourse Rd,Melbourne,3031
Caffe e Torta,232,$$ - $$$,restaurant,4.0,289,314 Little Collins St,Melbourne,3000
Gimlet At Cavendish House,208,$$$$,restaurant,4.5,104,33 Russell St,Melbourne,3000
Pascale Bar & Grill,284,$$$$,restaurant,4.5,161,133 Russell St Level 1,Melbourne,3000
Ludlow Bar & Dining Room,322,$$ - $$$,restaurant,3.5,702,6 Riverside Qy,Melbourne,3006
Sunda,253,$$ - $$$,restaurant,4.5,111,18 Punch lane,Melbourne,3000
The General Assembly,273,$$ - $$$,restaurant,4.0,269,29 South Wharf Prom,Melbourne,3006
Shoya,310,$$$$,restaurant,4.0,216,25 Market Lane,Melbourne,3000
Pilgrim Bar,325,$$ - $$$,restaurant,4.0,175,Vaults 15-19 Federation Wharf Federation Square,Melbourne,3000
White Mojo Speciality Coffee & Roaster,318,$$ - $$$,restaurant,4.0,203,115 Hardware St,Melbourne,3000
Dip In Cafe,314,$$ - $$$,restaurant,4.5,100,20-22 McKillop St,Melbourne,3000
Laurent Bakery,311,$$ - $$$,restaurant,4.0,352,306 Little Collins St,Melbourne,3000
One Eleven,313,$$$$,restaurant,4.0,175,111 Spring Street The Hotel Windsor,Melbourne,3000
Steer Dining Room,298,$$ - $$$,restaurant,4.5,76,15 Claremont St,Melbourne,3141
Cafe Segovia,308,$$ - $$$,restaurant,4.0,297,33 Block Place,Melbourne,3000
Walkers Doughnuts,324,$,restaurant,4.5,127,26/2 Elizabeth St,Melbourne,3000
Tim Ho Wan,323,$$ - $$$,restaurant,4.0,361,206 Bourke St,Melbourne,3000
Rosetta,224,$$$$,restaurant,4.0,996,Crown Entertainment Complex 8 Whiteman St Crown Complex,Melbourne,3006
Chez Olivier,1,$$ - $$$,restaurant,4.5,356,268 Toorak Rd,South Yarra,3141
Da Noi,270,$$$$,restaurant,4.0,274,95 Toorak Rd South Yarra,Melbourne,3141
Bibelot,293,$$ - $$$,restaurant,4.5,80,285-287 Coventry St,Melbourne,3205
Oriental Tea House,255,$$ - $$$,restaurant,4.0,221,378 Little Collins St,Melbourne,3000
Fonda Mexican,349,$$ - $$$,restaurant,4.0,312,31 Flinders Lane,Melbourne,3000
Corner & Bench,346,$,restaurant,4.5,86,408 Bourke St,Melbourne,3000
Saporito Cafe Bar & Grill,352,$$ - $$$,restaurant,4.5,71,12-16 Kavanagh St,Melbourne,3006
Pope Joan,354,$$ - $$$,restaurant,4.0,170,45 Collins St,Melbourne,3000
The Hof Downtown,383,$$ - $$$,restaurant,4.0,160,737 Bourke St Corner of Bourke and Village Street,Melbourne,3008
Hurricane Handsome,341,$$ - $$$,restaurant,4.5,89,329-331 Bay St,Melbourne,3207
Yeonga Korean BBQ,344,$$ - $$$,restaurant,4.5,76,1-3 Cobden St,Melbourne,3051
The Crux & Co,331,$$ - $$$,restaurant,4.5,100,35 Albert Rd G01,Melbourne,3004
Phancy Cafe,340,$$ - $$$,restaurant,4.5,93,408 Queen St,Melbourne,3000
The Irish Times Pub,353,$$ - $$$,restaurant,4.0,270,427 Little Collins St,Melbourne,3000
Ecco,335,$$ - $$$,restaurant,4.0,157,97 Toorak Rd,Melbourne,3141
George Street Cafe,332,$$ - $$$,restaurant,4.5,66,65 George St,Melbourne,3002
Collins Kitchen,357,$$$$,restaurant,4.0,273,123 Collins St,Melbourne,3000
Lamaro's Hotel,328,$$ - $$$,restaurant,4.0,194,273 Cecil St,Melbourne,3205
Andrew's Hamburgers,249,$,restaurant,4.5,169,144 Bridport St,Melbourne,3206
Flora Indian Restaurant,385,$,restaurant,4.0,235,238A Flinders St,Melbourne,3000
Kiwi Fish & Chips,382,$$ - $$$,restaurant,4.5,89,412-422 Victoria Pde Shop 9B,Melbourne,3002
Claypots Evening Star,372,$$ - $$$,restaurant,4.5,137,Corner Cecil and York Streets South Melbourne Market,Melbourne,3205
Radii Restaurant & Bar,384,$$$$,restaurant,4.0,211,1 Parliament Pl,Melbourne,3002
Riverland,375,$$ - $$$,restaurant,4.0,317,Vaults 1-9 Federation Wharf Federation Square,Melbourne,3000
Saxe,379,$$ - $$$,restaurant,4.5,52,211 Queen St,Melbourne,3000
Little Africa,362,$$ - $$$,restaurant,4.5,58,358 Victoria St,Melbourne,3051
Plus 5,359,$$ - $$$,restaurant,4.0,233,37 South Wharf Promenade,Melbourne,3008
A25 Pizzeria CBD,363,$$ - $$$,restaurant,4.5,77,Taylors College 399 Lonsdale St,Melbourne,3000
Hooks At The Yarra,390,$$ - $$$,restaurant,4.5,130,Yarra's Edge 50 River Esp Docklands,Melbourne,3008
Dish & Spoon,2,$$ - $$$,restaurant,4.5,72,122 Highfield Rd,Camberwell,3124
Garden State Hotel,345,$$ - $$$,restaurant,4.0,299,101 Flinders Lane,Melbourne,3000
Kri Kri,333,$$ - $$$,restaurant,4.0,370,39-41 Little Bourke St,Melbourne,3000
Saint & Rogue,330,$$ - $$$,restaurant,4.0,127,582 Little Collins St,Melbourne,3000
The Crafty Squire,299,$$ - $$$,restaurant,4.0,363,127 Russell St,Melbourne,3000
Abla's,316,$$ - $$$,restaurant,4.0,204,109 Elgin St,Melbourne,3053
Spring Street Grocer Cafe,305,$$ - $$$,restaurant,4.5,96,157 Spring St,Melbourne,3000
Left Bank Melbourne,368,$$ - $$$,restaurant,3.5,841,1 Southbank Boulevard,Melbourne,3006
French Saloon,370,$$$$,restaurant,4.5,92,46 Hardware Lane First Floor,Melbourne,3000
The Moat,365,$$ - $$$,restaurant,4.0,123,176 Little Lonsdale St,Melbourne,3000
The League of Honest Coffee,386,$$ - $$$,restaurant,4.5,94,8 Exploration Lane,Melbourne,3000
The Louden Kitchen & Grill,387,$$ - $$$,restaurant,4.0,157,265 Little Bourke St,Melbourne,3000
Hot Poppy,364,$$ - $$$,restaurant,4.5,74,9 Errol St,Melbourne,3051
The Essence,369,$$ - $$$,restaurant,4.0,240,Corner Exhibition & Lonsdale Streets Melbourne Marriott Hotel,Melbourne,3000
Bratwurst Shop & Co,388,$,restaurant,4.5,73,Therry St. Queen Victoria Market Shop 99-100,Melbourne,3000
Rocket Burger & Fries,321,$,restaurant,4.5,131,Cnr Flinders & Elizabeth Streets 26 Elizabeth St,Melbourne,3000
Dock 37 Bar and Kitchen,337,$$ - $$$,restaurant,4.0,177,2 Convention Centre Pl South Wharf,Melbourne,3006
Shakahari too,355,$$ - $$$,restaurant,4.5,89,225 Clarendon St,Melbourne,3205
Aix Cafe,358,$,restaurant,4.5,85,24 Centre Pl,Melbourne,3000
Cafe Issus,339,$$ - $$$,restaurant,4.0,264,8-10 Centre Pl,Melbourne,3000
The Tippler & Co,336,$$ - $$$,restaurant,4.5,121,58 Wellington Pde,Melbourne,3002
Pretty Boy Italian Steakhouse,348,$$ - $$$,restaurant,4.5,73,399 Little Lonsdale Street Level 1,Melbourne,3000
Elephant and Wheelbarrow,327,$$ - $$$,restaurant,3.5,582,94-96 Bourke St,Melbourne,3000
Yassas - The Greek Way,392,$$ - $$$,restaurant,4.0,399,4-9/3 Southgate Ave Southgate Plaza,Melbourne,3006
Locanda Restaurant & Public Bar,317,$$ - $$$,restaurant,4.0,369,186 Exhibition St,Melbourne,3000
Pud Thai vs Pho,347,$,restaurant,4.5,103,60 Siddeley St,Melbourne,3008
Sake Restaurant & Bar,389,$$ - $$$,restaurant,4.0,181,121 Flinders Lane,Melbourne,3000
Cafe Keyif,343,$$ - $$$,restaurant,4.5,138,U 1 550 Flinders St Entry Through Downie Street,Melbourne,3000
Ginza Teppanyaki,380,$$ - $$$,restaurant,4.0,229,139 Little Bourke St,Melbourne,3000
American Doughnut Kitchen,374,$,restaurant,4.5,100,Queen St,Melbourne,3000
Eliana Lulu,287,$$ - $$$,restaurant,4.0,166,7-9 Centre Pl,Melbourne,3000
Dumplings Plus,381,$,restaurant,4.0,264,269 Swanston St,Melbourne,3000
Curry Vault Indian Restaurant and Bar,334,$$ - $$$,restaurant,4.0,300,18-20 Bank Pl,Melbourne,3000
Massi,320,$$ - $$$,restaurant,4.5,83,445 Little Collins St,Melbourne,3000
Shark Fin Inn,406,$$ - $$$,restaurant,3.5,586,50 Little Bourke St,Melbourne,3000
The Crane Restaurant,416,$$ - $$$,restaurant,4.0,194,212 Little Bourke St,Melbourne,3000
Daughter in Law,404,$$ - $$$,restaurant,4.0,113,37 Little Bourke St Ground Floor,Melbourne,3000
Hawker Boys,399,$,restaurant,4.5,70,85 Hardware Lane,Melbourne,3000
Carlton Curry House,400,$$ - $$$,restaurant,4.5,204,108 Lygon St,Melbourne,3053
Atrium Bar On 35,421,$$$$,restaurant,4.5,83,25 Collins St,Melbourne,3000
Sakura Kaiten,361,$$ - $$$,restaurant,4.5,132,60 Little Collins St,Melbourne,3000
The Hardware Club,218,$$ - $$$,restaurant,5.0,57,43 Hardware Lane,Melbourne,3000
D.O.C,356,$$ - $$$,restaurant,4.0,262,326 Lygon St Carlton,Melbourne,3053
Jungle Juice Bar,393,$,restaurant,4.5,78,20 Centre Pl,Melbourne,3000
Park Street Pasta & Wine,443,$$ - $$$,restaurant,4.5,91,268 Park St South Melbourne,Melbourne,3205
Bella Cosi,446,$$ - $$$,restaurant,4.5,71,71 Beach St,Melbourne,3207
At Ease - Easy Thai,437,$,restaurant,4.5,75,195 Lonsdale St,Melbourne,3000
Thai city,438,$$ - $$$,restaurant,4.5,72,124 Lygon Street Carlton,Melbourne,3000
Tokui Sushi,429,$,restaurant,5.0,50,260 Lonsdale St,Melbourne,3000
